/home/bridgersjd/trisicell/scripts_new/partf_scripts/Sep9Matrices/D-no_correction.tsv,0.001,0.075,notC2C5,10000,15-101892250-G-C,0.0
/home/bridgersjd/trisicell/scripts_new/partf_scripts/Sep9Matrices/D-no_correction.tsv,0.001,0.075,notC2C5,10000,15-102490853-T-C,0.0
/home/bridgersjd/trisicell/scripts_new/partf_scripts/Sep9Matrices/D-no_correction.tsv,0.001,0.075,notC2C5,10000,15-6768114-G-C,0.0
/home/bridgersjd/trisicell/scripts_new/partf_scripts/Sep9Matrices/D-no_correction.tsv,0.001,0.075,notC2C5,10000,15-73753656-G-T,0.0
/home/bridgersjd/trisicell/scripts_new/partf_scripts/Sep9Matrices/D-no_correction.tsv,0.001,0.075,notC2C5,10000,15-76074752-C-T,0.0
/home/bridgersjd/trisicell/scripts_new/partf_scripts/Sep9Matrices/D-no_correction.tsv,0.001,0.075,notC2C5,10000,15-76185790-G-T,0.0
/home/bridgersjd/trisicell/scripts_new/partf_scripts/Sep9Matrices/D-no_correction.tsv,0.001,0.075,notC2C5,10000,15-8651084-A-T,0.0
/home/bridgersjd/trisicell/scripts_new/partf_scripts/Sep9Matrices/D-no_correction.tsv,0.001,0.075,notC2C5,10000,15-89161646-G-C,0.0
/home/bridgersjd/trisicell/scripts_new/partf_scripts/Sep9Matrices/D-no_correction.tsv,0.001,0.075,notC2C5,10000,16-87397063-A-G,0.0
/home/bridgersjd/trisicell/scripts_new/partf_scripts/Sep9Matrices/D-no_correction.tsv,0.001,0.075,notC2C5,10000,16-97797642-T-C,0.0
/home/bridgersjd/trisicell/scripts_new/partf_scripts/Sep9Matrices/D-no_correction.tsv,0.001,0.075,notC2C5,10000,3-107326356-A-C,0.0
/home/bridgersjd/trisicell/scripts_new/partf_scripts/Sep9Matrices/D-no_correction.tsv,0.001,0.075,notC2C5,10000,3-115978866-A-G,0.0
/home/bridgersjd/trisicell/scripts_new/partf_scripts/Sep9Matrices/D-no_correction.tsv,0.001,0.075,notC2C5,10000,3-132842741-G-A,0.0
/home/bridgersjd/trisicell/scripts_new/partf_scripts/Sep9Matrices/D-no_correction.tsv,0.001,0.075,notC2C5,10000,3-134967080-T-G,0.0
/home/bridgersjd/trisicell/scripts_new/partf_scripts/Sep9Matrices/D-no_correction.tsv,0.001,0.075,notC2C5,10000,3-135411188-T-A,0.0
/home/bridgersjd/trisicell/scripts_new/partf_scripts/Sep9Matrices/D-no_correction.tsv,0.001,0.075,notC2C5,10000,3-60037216-T-A,0.0
/home/bridgersjd/trisicell/scripts_new/partf_scripts/Sep9Matrices/D-no_correction.tsv,0.001,0.075,notC2C5,10000,3-70018598-T-G,0.0
/home/bridgersjd/trisicell/scripts_new/partf_scripts/Sep9Matrices/D-no_correction.tsv,0.001,0.075,notC2C5,10000,3-79604987-A-G,0.0
/home/bridgersjd/trisicell/scripts_new/partf_scripts/Sep9Matrices/D-no_correction.tsv,0.001,0.075,notC2C5,10000,3-79623503-T-C,0.0
/home/bridgersjd/trisicell/scripts_new/partf_scripts/Sep9Matrices/D-no_correction.tsv,0.001,0.075,notC2C5,10000,3-86360283-A-C,0.0
/home/bridgersjd/trisicell/scripts_new/partf_scripts/Sep9Matrices/D-no_correction.tsv,0.001,0.075,notC2C5,10000,3-92320916-G-C,0.0
/home/bridgersjd/trisicell/scripts_new/partf_scripts/Sep9Matrices/D-no_correction.tsv,0.001,0.075,notC2C5,10000,3-92620349-C-T,0.0
/home/bridgersjd/trisicell/scripts_new/partf_scripts/Sep9Matrices/D-no_correction.tsv,0.001,0.075,notC2C5,10000,3-95562653-G-A,0.0
/home/bridgersjd/trisicell/scripts_new/partf_scripts/Sep9Matrices/D-no_correction.tsv,0.001,0.075,orange,10000,10-112455793-G-C,0.9989142051130125
/home/bridgersjd/trisicell/scripts_new/partf_scripts/Sep9Matrices/D-no_correction.tsv,0.001,0.075,orange,10000,10-121414414-C-A,0.9989142051130125
/home/bridgersjd/trisicell/scripts_new/partf_scripts/Sep9Matrices/D-no_correction.tsv,0.001,0.075,orange,10000,10-126323252-T-C,0.9989142051130125
/home/bridgersjd/trisicell/scripts_new/partf_scripts/Sep9Matrices/D-no_correction.tsv,0.001,0.075,orange,10000,10-128320352-G-C,0.9989142051130125
/home/bridgersjd/trisicell/scripts_new/partf_scripts/Sep9Matrices/D-no_correction.tsv,0.001,0.075,orange,10000,10-88548806-C-G,0.9989142051130125
/home/bridgersjd/trisicell/scripts_new/partf_scripts/Sep9Matrices/D-no_correction.tsv,0.001,0.075,orange,10000,10-94788637-T-C,0.9989142051130125
/home/bridgersjd/trisicell/scripts_new/partf_scripts/Sep9Matrices/D-no_correction.tsv,0.001,0.075,orange,10000,11-100889404-T-C,0.9989142051130125
/home/bridgersjd/trisicell/scripts_new/partf_scripts/Sep9Matrices/D-no_correction.tsv,0.001,0.075,orange,10000,11-101331443-G-C,0.9989142051130125
/home/bridgersjd/trisicell/scripts_new/partf_scripts/Sep9Matrices/D-no_correction.tsv,0.001,0.075,orange,10000,11-105336169-G-C,0.9989142051130125
/home/bridgersjd/trisicell/scripts_new/partf_scripts/Sep9Matrices/D-no_correction.tsv,0.001,0.075,orange,10000,11-115523896-A-G,0.9989142051130125
/home/bridgersjd/trisicell/scripts_new/partf_scripts/Sep9Matrices/D-no_correction.tsv,0.001,0.075,orange,10000,11-115609093-C-A,0.9989142051130125
/home/bridgersjd/trisicell/scripts_new/partf_scripts/Sep9Matrices/D-no_correction.tsv,0.001,0.075,orange,10000,11-117760801-C-T,0.9989142051130125
/home/bridgersjd/trisicell/scripts_new/partf_scripts/Sep9Matrices/D-no_correction.tsv,0.001,0.075,orange,10000,11-120720746-T-G,0.9989142051130125
/home/bridgersjd/trisicell/scripts_new/partf_scripts/Sep9Matrices/D-no_correction.tsv,0.001,0.075,orange,10000,11-48997194-T-C,0.9989142051130125
/home/bridgersjd/trisicell/scripts_new/partf_scripts/Sep9Matrices/D-no_correction.tsv,0.001,0.075,orange,10000,1-157601212-C-G,0.9989142051130125
/home/bridgersjd/trisicell/scripts_new/partf_scripts/Sep9Matrices/D-no_correction.tsv,0.001,0.075,orange,10000,1-171515405-T-C,0.9989142051130125
/home/bridgersjd/trisicell/scripts_new/partf_scripts/Sep9Matrices/D-no_correction.tsv,0.001,0.075,orange,10000,1-177043950-T-G,0.9989142051130125
/home/bridgersjd/trisicell/scripts_new/partf_scripts/Sep9Matrices/D-no_correction.tsv,0.001,0.075,orange,10000,12-115495636-A-G,0.9989142051130125
/home/bridgersjd/trisicell/scripts_new/partf_scripts/Sep9Matrices/D-no_correction.tsv,0.001,0.075,orange,10000,12-117724160-C-G,0.9978339431377184
/home/bridgersjd/trisicell/scripts_new/partf_scripts/Sep9Matrices/D-no_correction.tsv,0.001,0.075,orange,10000,1-21229667-T-A,0.9989142051130125
/home/bridgersjd/trisicell/scripts_new/partf_scripts/Sep9Matrices/D-no_correction.tsv,0.001,0.075,orange,10000,12-20008301-A-C,0.9989142051130125
/home/bridgersjd/trisicell/scripts_new/partf_scripts/Sep9Matrices/D-no_correction.tsv,0.001,0.075,orange,10000,12-23009993-C-T,0.9989142051130125
/home/bridgersjd/trisicell/scripts_new/partf_scripts/Sep9Matrices/D-no_correction.tsv,0.001,0.075,orange,10000,1-25111741-G-A,0.9989142051130125
/home/bridgersjd/trisicell/scripts_new/partf_scripts/Sep9Matrices/D-no_correction.tsv,0.001,0.075,orange,10000,12-70346605-G-T,0.9989142051130125
/home/bridgersjd/trisicell/scripts_new/partf_scripts/Sep9Matrices/D-no_correction.tsv,0.001,0.075,orange,10000,12-79239875-G-A,0.9989142051130125
/home/bridgersjd/trisicell/scripts_new/partf_scripts/Sep9Matrices/D-no_correction.tsv,0.001,0.075,orange,10000,12-94914728-A-G,0.9989142051130125
/home/bridgersjd/trisicell/scripts_new/partf_scripts/Sep9Matrices/D-no_correction.tsv,0.001,0.075,orange,10000,13-103753116-T-G,0.9989142051130125
/home/bridgersjd/trisicell/scripts_new/partf_scripts/Sep9Matrices/D-no_correction.tsv,0.001,0.075,orange,10000,13-23543276-T-C,0.9989142051130125
/home/bridgersjd/trisicell/scripts_new/partf_scripts/Sep9Matrices/D-no_correction.tsv,0.001,0.075,orange,10000,13-23545091-A-C,0.9989142051130125
/home/bridgersjd/trisicell/scripts_new/partf_scripts/Sep9Matrices/D-no_correction.tsv,0.001,0.075,orange,10000,13-33252852-T-A,0.9989142051130125
/home/bridgersjd/trisicell/scripts_new/partf_scripts/Sep9Matrices/D-no_correction.tsv,0.001,0.075,orange,10000,13-49521194-A-G,0.9989142051130125
/home/bridgersjd/trisicell/scripts_new/partf_scripts/Sep9Matrices/D-no_correction.tsv,0.001,0.075,orange,10000,13-50646708-A-G,0.9989142051130125
/home/bridgersjd/trisicell/scripts_new/partf_scripts/Sep9Matrices/D-no_correction.tsv,0.001,0.075,orange,10000,13-59623080-A-G,0.9989142051130125
/home/bridgersjd/trisicell/scripts_new/partf_scripts/Sep9Matrices/D-no_correction.tsv,0.001,0.075,orange,10000,13-62675452-A-G,0.9989142051130125
/home/bridgersjd/trisicell/scripts_new/partf_scripts/Sep9Matrices/D-no_correction.tsv,0.001,0.075,orange,10000,13-90937216-G-C,0.9989142051130125
/home/bridgersjd/trisicell/scripts_new/partf_scripts/Sep9Matrices/D-no_correction.tsv,0.001,0.075,orange,10000,14-51523317-T-C,0.9978339431377184
/home/bridgersjd/trisicell/scripts_new/partf_scripts/Sep9Matrices/D-no_correction.tsv,0.001,0.075,orange,10000,14-62365203-C-A,0.9989142051130125
/home/bridgersjd/trisicell/scripts_new/partf_scripts/Sep9Matrices/D-no_correction.tsv,0.001,0.075,orange,10000,14-7296067-A-G,0.9989142051130125
/home/bridgersjd/trisicell/scripts_new/partf_scripts/Sep9Matrices/D-no_correction.tsv,0.001,0.075,orange,10000,15-101930750-A-C,0.9989142051130125
/home/bridgersjd/trisicell/scripts_new/partf_scripts/Sep9Matrices/D-no_correction.tsv,0.001,0.075,orange,10000,15-102484040-T-A,0.9989142051130125
/home/bridgersjd/trisicell/scripts_new/partf_scripts/Sep9Matrices/D-no_correction.tsv,0.001,0.075,orange,10000,1-54987484-G-A,0.9989142051130125
/home/bridgersjd/trisicell/scripts_new/partf_scripts/Sep9Matrices/D-no_correction.tsv,0.001,0.075,orange,10000,15-64094606-A-G,0.9989142051130125
/home/bridgersjd/trisicell/scripts_new/partf_scripts/Sep9Matrices/D-no_correction.tsv,0.001,0.075,orange,10000,15-66792161-T-C,0.9989142051130125
/home/bridgersjd/trisicell/scripts_new/partf_scripts/Sep9Matrices/D-no_correction.tsv,0.001,0.075,orange,10000,15-75982084-T-C,0.9989142051130125
/home/bridgersjd/trisicell/scripts_new/partf_scripts/Sep9Matrices/D-no_correction.tsv,0.001,0.075,orange,10000,15-79906897-T-G,0.9989142051130125
/home/bridgersjd/trisicell/scripts_new/partf_scripts/Sep9Matrices/D-no_correction.tsv,0.001,0.075,orange,10000,15-81981109-T-G,0.9989142051130125
/home/bridgersjd/trisicell/scripts_new/partf_scripts/Sep9Matrices/D-no_correction.tsv,0.001,0.075,orange,10000,15-90993774-C-A,0.9989142051130125
/home/bridgersjd/trisicell/scripts_new/partf_scripts/Sep9Matrices/D-no_correction.tsv,0.001,0.075,orange,10000,15-94558182-T-C,0.9989142051130125
/home/bridgersjd/trisicell/scripts_new/partf_scripts/Sep9Matrices/D-no_correction.tsv,0.001,0.075,orange,10000,15-96358955-T-C,0.9989142051130125
/home/bridgersjd/trisicell/scripts_new/partf_scripts/Sep9Matrices/D-no_correction.tsv,0.001,0.075,orange,10000,16-15556718-T-C,0.9989142051130125
/home/bridgersjd/trisicell/scripts_new/partf_scripts/Sep9Matrices/D-no_correction.tsv,0.001,0.075,orange,10000,16-5049899-G-C,0.9989142051130125
/home/bridgersjd/trisicell/scripts_new/partf_scripts/Sep9Matrices/D-no_correction.tsv,0.001,0.075,orange,10000,16-57133075-A-T,0.9989142051130125
/home/bridgersjd/trisicell/scripts_new/partf_scripts/Sep9Matrices/D-no_correction.tsv,0.001,0.075,orange,10000,16-59682772-T-A,0.9989142051130125
/home/bridgersjd/trisicell/scripts_new/partf_scripts/Sep9Matrices/D-no_correction.tsv,0.001,0.075,orange,10000,16-93683427-C-T,0.9989142051130125
/home/bridgersjd/trisicell/scripts_new/partf_scripts/Sep9Matrices/D-no_correction.tsv,0.001,0.075,orange,10000,17-20814579-T-A,0.9989142051130125
/home/bridgersjd/trisicell/scripts_new/partf_scripts/Sep9Matrices/D-no_correction.tsv,0.001,0.075,orange,10000,17-25018809-C-G,0.9989142051130125
/home/bridgersjd/trisicell/scripts_new/partf_scripts/Sep9Matrices/D-no_correction.tsv,0.001,0.075,orange,10000,1-74287097-T-G,0.9989142051130125
/home/bridgersjd/trisicell/scripts_new/partf_scripts/Sep9Matrices/D-no_correction.tsv,0.001,0.075,orange,10000,17-43451148-A-G,0.9989142051130125
/home/bridgersjd/trisicell/scripts_new/partf_scripts/Sep9Matrices/D-no_correction.tsv,0.001,0.075,orange,10000,17-56189907-A-T,0.9989142051130125
/home/bridgersjd/trisicell/scripts_new/partf_scripts/Sep9Matrices/D-no_correction.tsv,0.001,0.075,orange,10000,17-65811257-T-C,0.9989142051130125
/home/bridgersjd/trisicell/scripts_new/partf_scripts/Sep9Matrices/D-no_correction.tsv,0.001,0.075,orange,10000,18-21332457-T-C,0.9989142051130125
/home/bridgersjd/trisicell/scripts_new/partf_scripts/Sep9Matrices/D-no_correction.tsv,0.001,0.075,orange,10000,19-45560547-A-T,0.9709588692634772
/home/bridgersjd/trisicell/scripts_new/partf_scripts/Sep9Matrices/D-no_correction.tsv,0.001,0.075,orange,10000,19-5723006-G-T,0.9989142051130125
/home/bridgersjd/trisicell/scripts_new/partf_scripts/Sep9Matrices/D-no_correction.tsv,0.001,0.075,orange,10000,2-122111902-A-C,0.9989142051130125
/home/bridgersjd/trisicell/scripts_new/partf_scripts/Sep9Matrices/D-no_correction.tsv,0.001,0.075,orange,10000,2-152869614-A-G,0.9989142051130125
/home/bridgersjd/trisicell/scripts_new/partf_scripts/Sep9Matrices/D-no_correction.tsv,0.001,0.075,orange,10000,2-30345202-T-A,0.9989142051130125
/home/bridgersjd/trisicell/scripts_new/partf_scripts/Sep9Matrices/D-no_correction.tsv,0.001,0.075,orange,10000,2-74713952-C-T,0.9989142051130125
/home/bridgersjd/trisicell/scripts_new/partf_scripts/Sep9Matrices/D-no_correction.tsv,0.001,0.075,orange,10000,3-127634032-A-G,0.9989142051130125
/home/bridgersjd/trisicell/scripts_new/partf_scripts/Sep9Matrices/D-no_correction.tsv,0.001,0.075,orange,10000,3-14606238-A-C,0.9989142051130125
/home/bridgersjd/trisicell/scripts_new/partf_scripts/Sep9Matrices/D-no_correction.tsv,0.001,0.075,orange,10000,3-33800433-G-C,0.9989142051130125
/home/bridgersjd/trisicell/scripts_new/partf_scripts/Sep9Matrices/D-no_correction.tsv,0.001,0.075,orange,10000,3-72903769-A-G,0.9989142051130125
/home/bridgersjd/trisicell/scripts_new/partf_scripts/Sep9Matrices/D-no_correction.tsv,0.001,0.075,orange,10000,3-88158253-C-G,0.9989142051130125
/home/bridgersjd/trisicell/scripts_new/partf_scripts/Sep9Matrices/D-no_correction.tsv,0.001,0.075,orange,10000,3-88503109-G-C,0.9989142051130125
/home/bridgersjd/trisicell/scripts_new/partf_scripts/Sep9Matrices/D-no_correction.tsv,0.001,0.075,orange,10000,3-90455834-T-C,0.9989142051130125
/home/bridgersjd/trisicell/scripts_new/partf_scripts/Sep9Matrices/D-no_correction.tsv,0.001,0.075,orange,10000,3-94936609-T-C,0.9989142051130125
/home/bridgersjd/trisicell/scripts_new/partf_scripts/Sep9Matrices/D-no_correction.tsv,0.001,0.075,orange,10000,3-96581716-C-T,0.9989142051130125
/home/bridgersjd/trisicell/scripts_new/partf_scripts/Sep9Matrices/D-no_correction.tsv,0.001,0.075,orange,10000,4-104780668-C-A,0.9989142051130125
/home/bridgersjd/trisicell/scripts_new/partf_scripts/Sep9Matrices/D-no_correction.tsv,0.001,0.075,orange,10000,4-11061111-A-C,0.9989142051130125
/home/bridgersjd/trisicell/scripts_new/partf_scripts/Sep9Matrices/D-no_correction.tsv,0.001,0.075,orange,10000,4-113184743-A-C,0.9989142051130125
/home/bridgersjd/trisicell/scripts_new/partf_scripts/Sep9Matrices/D-no_correction.tsv,0.001,0.075,orange,10000,4-155902679-C-G,0.9989142051130125
/home/bridgersjd/trisicell/scripts_new/partf_scripts/Sep9Matrices/D-no_correction.tsv,0.001,0.075,orange,10000,4-32713283-T-A,0.9989142051130125
/home/bridgersjd/trisicell/scripts_new/partf_scripts/Sep9Matrices/D-no_correction.tsv,0.001,0.075,orange,10000,5-107478416-A-C,0.9989142051130125
/home/bridgersjd/trisicell/scripts_new/partf_scripts/Sep9Matrices/D-no_correction.tsv,0.001,0.075,orange,10000,5-113092540-T-G,0.9989142051130125
/home/bridgersjd/trisicell/scripts_new/partf_scripts/Sep9Matrices/D-no_correction.tsv,0.001,0.075,orange,10000,5-125623070-T-G,0.9989142051130125
/home/bridgersjd/trisicell/scripts_new/partf_scripts/Sep9Matrices/D-no_correction.tsv,0.001,0.075,orange,10000,5-134194925-A-G,0.9989142051130125
/home/bridgersjd/trisicell/scripts_new/partf_scripts/Sep9Matrices/D-no_correction.tsv,0.001,0.075,orange,10000,5-138150881-G-A,0.9989142051130125
/home/bridgersjd/trisicell/scripts_new/partf_scripts/Sep9Matrices/D-no_correction.tsv,0.001,0.075,orange,10000,5-139718172-T-C,0.9989142051130125
/home/bridgersjd/trisicell/scripts_new/partf_scripts/Sep9Matrices/D-no_correction.tsv,0.001,0.075,orange,10000,5-16315040-C-A,0.9989142051130125
/home/bridgersjd/trisicell/scripts_new/partf_scripts/Sep9Matrices/D-no_correction.tsv,0.001,0.075,orange,10000,5-25848448-G-C,0.9989142051130125
/home/bridgersjd/trisicell/scripts_new/partf_scripts/Sep9Matrices/D-no_correction.tsv,0.001,0.075,orange,10000,5-30068338-T-C,0.9989142051130125
/home/bridgersjd/trisicell/scripts_new/partf_scripts/Sep9Matrices/D-no_correction.tsv,0.001,0.075,orange,10000,5-3047629-T-A,0.9989142051130125
/home/bridgersjd/trisicell/scripts_new/partf_scripts/Sep9Matrices/D-no_correction.tsv,0.001,0.075,orange,10000,5-55956380-T-C,0.9989142051130125
/home/bridgersjd/trisicell/scripts_new/partf_scripts/Sep9Matrices/D-no_correction.tsv,0.001,0.075,orange,10000,5-67611014-T-C,0.9989142051130125
/home/bridgersjd/trisicell/scripts_new/partf_scripts/Sep9Matrices/D-no_correction.tsv,0.001,0.075,orange,10000,5-91140830-A-G,0.9989142051130125
/home/bridgersjd/trisicell/scripts_new/partf_scripts/Sep9Matrices/D-no_correction.tsv,0.001,0.075,orange,50000,5-91140830-A-G,0.9989142059549213
/home/bridgersjd/trisicell/scripts_new/partf_scripts/Sep9Matrices/D-no_correction.tsv,0.001,0.075,orange,10000,5-96231580-T-C,0.9989142051130125
/home/bridgersjd/trisicell/scripts_new/partf_scripts/Sep9Matrices/D-no_correction.tsv,0.001,0.075,orange,10000,6-101151245-T-C,0.9989142051130125
/home/bridgersjd/trisicell/scripts_new/partf_scripts/Sep9Matrices/D-no_correction.tsv,0.001,0.075,orange,10000,6-123050516-A-T,0.9989142051130125
/home/bridgersjd/trisicell/scripts_new/partf_scripts/Sep9Matrices/D-no_correction.tsv,0.001,0.075,orange,10000,6-12555517-G-T,0.9989142051130125
/home/bridgersjd/trisicell/scripts_new/partf_scripts/Sep9Matrices/D-no_correction.tsv,0.001,0.075,orange,10000,6-132737111-A-T,0.9989142051130125
/home/bridgersjd/trisicell/scripts_new/partf_scripts/Sep9Matrices/D-no_correction.tsv,0.001,0.075,orange,10000,6-48765049-T-C,0.9989142051130125
/home/bridgersjd/trisicell/scripts_new/partf_scripts/Sep9Matrices/D-no_correction.tsv,0.001,0.075,orange,10000,6-70331272-A-G,0.9989142051130125
/home/bridgersjd/trisicell/scripts_new/partf_scripts/Sep9Matrices/D-no_correction.tsv,0.001,0.075,orange,10000,6-87845723-G-C,0.9989142051130125
/home/bridgersjd/trisicell/scripts_new/partf_scripts/Sep9Matrices/D-no_correction.tsv,0.001,0.075,orange,10000,6-88126513-T-G,0.9989142051130125
/home/bridgersjd/trisicell/scripts_new/partf_scripts/Sep9Matrices/D-no_correction.tsv,0.001,0.075,orange,10000,7-10199922-T-C,0.9989142051130125
/home/bridgersjd/trisicell/scripts_new/partf_scripts/Sep9Matrices/D-no_correction.tsv,0.001,0.075,orange,10000,7-106600414-C-A,0.9989142051130125
/home/bridgersjd/trisicell/scripts_new/partf_scripts/Sep9Matrices/D-no_correction.tsv,0.001,0.075,orange,10000,7-108256194-T-A,0.9989142051130125
/home/bridgersjd/trisicell/scripts_new/partf_scripts/Sep9Matrices/D-no_correction.tsv,0.001,0.075,orange,10000,7-123181613-G-T,0.9989142051130125
/home/bridgersjd/trisicell/scripts_new/partf_scripts/Sep9Matrices/D-no_correction.tsv,0.001,0.075,orange,10000,7-141392364-C-A,0.9989142051130125
/home/bridgersjd/trisicell/scripts_new/partf_scripts/Sep9Matrices/D-no_correction.tsv,0.001,0.075,orange,10000,7-14768396-T-A,0.9989142051130125
/home/bridgersjd/trisicell/scripts_new/partf_scripts/Sep9Matrices/D-no_correction.tsv,0.001,0.075,orange,10000,7-28042135-A-C,0.9989142051130125
/home/bridgersjd/trisicell/scripts_new/partf_scripts/Sep9Matrices/D-no_correction.tsv,0.001,0.075,orange,10000,7-31546178-T-C,0.9989142051130125
/home/bridgersjd/trisicell/scripts_new/partf_scripts/Sep9Matrices/D-no_correction.tsv,0.001,0.075,orange,10000,7-44830218-A-C,0.9989142051130125
/home/bridgersjd/trisicell/scripts_new/partf_scripts/Sep9Matrices/D-no_correction.tsv,0.001,0.075,orange,10000,7-44830344-A-G,0.9989142051130125
/home/bridgersjd/trisicell/scripts_new/partf_scripts/Sep9Matrices/D-no_correction.tsv,0.001,0.075,orange,10000,7-88572376-T-G,0.9989142051130125
/home/bridgersjd/trisicell/scripts_new/partf_scripts/Sep9Matrices/D-no_correction.tsv,0.001,0.075,orange,10000,7-93178968-T-G,0.9989142051130125
/home/bridgersjd/trisicell/scripts_new/partf_scripts/Sep9Matrices/D-no_correction.tsv,0.001,0.075,orange,10000,8-124604241-C-A,0.9989142051130125
/home/bridgersjd/trisicell/scripts_new/partf_scripts/Sep9Matrices/D-no_correction.tsv,0.001,0.075,orange,10000,8-13090886-T-G,0.9989142051130125
/home/bridgersjd/trisicell/scripts_new/partf_scripts/Sep9Matrices/D-no_correction.tsv,0.001,0.075,orange,10000,8-13386624-T-G,0.9989142051130125
/home/bridgersjd/trisicell/scripts_new/partf_scripts/Sep9Matrices/D-no_correction.tsv,0.001,0.075,orange,10000,8-20869794-G-T,0.9989142051130125
/home/bridgersjd/trisicell/scripts_new/partf_scripts/Sep9Matrices/D-no_correction.tsv,0.001,0.075,orange,10000,8-67502349-A-T,0.9989142051130125
/home/bridgersjd/trisicell/scripts_new/partf_scripts/Sep9Matrices/D-no_correction.tsv,0.001,0.075,orange,10000,8-71692914-C-T,0.9989142051130125
/home/bridgersjd/trisicell/scripts_new/partf_scripts/Sep9Matrices/D-no_correction.tsv,0.001,0.075,orange,10000,8-77420033-A-G,0.9989142051130125
/home/bridgersjd/trisicell/scripts_new/partf_scripts/Sep9Matrices/D-no_correction.tsv,0.001,0.075,orange,10000,8-80612115-C-T,0.9989142051130125
/home/bridgersjd/trisicell/scripts_new/partf_scripts/Sep9Matrices/D-no_correction.tsv,0.001,0.075,orange,10000,8-87904651-A-C,0.9989142051130125
/home/bridgersjd/trisicell/scripts_new/partf_scripts/Sep9Matrices/D-no_correction.tsv,0.001,0.075,orange,10000,8-88314232-C-G,0.9989142051130125
/home/bridgersjd/trisicell/scripts_new/partf_scripts/Sep9Matrices/D-no_correction.tsv,0.001,0.075,orange,10000,9-35034760-A-T,0.9989142051130125
/home/bridgersjd/trisicell/scripts_new/partf_scripts/Sep9Matrices/D-no_correction.tsv,0.001,0.075,orange,10000,9-65054724-A-T,0.9989142051130125
/home/bridgersjd/trisicell/scripts_new/partf_scripts/Sep9Matrices/D-no_correction.tsv,0.001,0.075,orange,10000,9-7159013-A-G,0.9989142051130125
/home/bridgersjd/trisicell/scripts_new/partf_scripts/Sep9Matrices/D-no_correction.tsv,0.001,0.075,orange,10000,9-71650324-C-A,0.9989142051130125
/home/bridgersjd/trisicell/scripts_new/partf_scripts/Sep9Matrices/D-no_correction.tsv,0.001,0.075,red,10000,10-128208907-C-G,0.9999999987220874
/home/bridgersjd/trisicell/scripts_new/partf_scripts/Sep9Matrices/D-no_correction.tsv,0.001,0.075,red,10000,11-110197009-A-T,0.9999999987220874
/home/bridgersjd/trisicell/scripts_new/partf_scripts/Sep9Matrices/D-no_correction.tsv,0.001,0.075,red,10000,1-150461958-T-A,0.9999999987220874
/home/bridgersjd/trisicell/scripts_new/partf_scripts/Sep9Matrices/D-no_correction.tsv,0.001,0.075,red,10000,11-58392727-T-G,0.9999999987220874
/home/bridgersjd/trisicell/scripts_new/partf_scripts/Sep9Matrices/D-no_correction.tsv,0.001,0.075,red,10000,11-71217264-C-G,0.9999999987220874
/home/bridgersjd/trisicell/scripts_new/partf_scripts/Sep9Matrices/D-no_correction.tsv,0.001,0.075,red,10000,12-16948305-T-G,0.9999999987220874
/home/bridgersjd/trisicell/scripts_new/partf_scripts/Sep9Matrices/D-no_correction.tsv,0.001,0.075,red,10000,12-31304842-A-T,0.9999999987220874
/home/bridgersjd/trisicell/scripts_new/partf_scripts/Sep9Matrices/D-no_correction.tsv,0.001,0.075,red,10000,12-84678742-T-A,0.9999999987220874
/home/bridgersjd/trisicell/scripts_new/partf_scripts/Sep9Matrices/D-no_correction.tsv,0.001,0.075,red,10000,13-100781050-C-T,0.9999999987220874
/home/bridgersjd/trisicell/scripts_new/partf_scripts/Sep9Matrices/D-no_correction.tsv,0.001,0.075,red,10000,15-25682204-T-C,0.9999999987220874
/home/bridgersjd/trisicell/scripts_new/partf_scripts/Sep9Matrices/D-no_correction.tsv,0.001,0.075,red,10000,15-5208249-A-T,0.9999999987220874
/home/bridgersjd/trisicell/scripts_new/partf_scripts/Sep9Matrices/D-no_correction.tsv,0.001,0.075,red,10000,16-81852613-G-C,0.9999999986856621
/home/bridgersjd/trisicell/scripts_new/partf_scripts/Sep9Matrices/D-no_correction.tsv,0.001,0.075,red,10000,18-38250364-A-G,0.9999999987220874
/home/bridgersjd/trisicell/scripts_new/partf_scripts/Sep9Matrices/D-no_correction.tsv,0.001,0.075,red,10000,18-64551838-A-T,0.9999999987220874
/home/bridgersjd/trisicell/scripts_new/partf_scripts/Sep9Matrices/D-no_correction.tsv,0.001,0.075,red,10000,18-76302129-C-T,0.9999999987220874
/home/bridgersjd/trisicell/scripts_new/partf_scripts/Sep9Matrices/D-no_correction.tsv,0.001,0.075,red,10000,2-70678017-A-G,0.9999999987220874
/home/bridgersjd/trisicell/scripts_new/partf_scripts/Sep9Matrices/D-no_correction.tsv,0.001,0.075,red,10000,2-88958383-G-A,0.9999999987220874
/home/bridgersjd/trisicell/scripts_new/partf_scripts/Sep9Matrices/D-no_correction.tsv,0.001,0.075,red,10000,3-127813137-G-A,0.9999999987220874
/home/bridgersjd/trisicell/scripts_new/partf_scripts/Sep9Matrices/D-no_correction.tsv,0.001,0.075,red,10000,3-58555745-C-A,0.9999999987220874
/home/bridgersjd/trisicell/scripts_new/partf_scripts/Sep9Matrices/D-no_correction.tsv,0.001,0.075,red,10000,5-122880997-C-T,0.9999999987220874
/home/bridgersjd/trisicell/scripts_new/partf_scripts/Sep9Matrices/D-no_correction.tsv,0.001,0.075,red,50000,5-122880997-C-T,0.999999997725958
/home/bridgersjd/trisicell/scripts_new/partf_scripts/Sep9Matrices/D-no_correction.tsv,0.001,0.075,red,10000,5-76305388-A-G,0.9999999987220874
/home/bridgersjd/trisicell/scripts_new/partf_scripts/Sep9Matrices/D-no_correction.tsv,0.001,0.075,red,10000,6-117925602-A-T,0.9999999987220874
/home/bridgersjd/trisicell/scripts_new/partf_scripts/Sep9Matrices/D-no_correction.tsv,0.001,0.075,red,10000,6-121924361-T-C,0.8389152063630554
/home/bridgersjd/trisicell/scripts_new/partf_scripts/Sep9Matrices/D-no_correction.tsv,0.001,0.075,red,10000,6-66535580-A-C,0.9999999987220874
/home/bridgersjd/trisicell/scripts_new/partf_scripts/Sep9Matrices/D-no_correction.tsv,0.001,0.075,red,10000,7-16675732-G-A,0.9999999987220874
/home/bridgersjd/trisicell/scripts_new/partf_scripts/Sep9Matrices/D-no_correction.tsv,0.001,0.075,red,10000,7-86336156-A-G,0.9999999987220874
/home/bridgersjd/trisicell/scripts_new/partf_scripts/Sep9Matrices/D-no_correction.tsv,0.001,0.075,red,10000,8-104927328-G-T,0.9999999987220874
/home/bridgersjd/trisicell/scripts_new/partf_scripts/Sep9Matrices/D-no_correction.tsv,0.001,0.075,red,50000,8-104927328-G-T,0.999999997725958
/home/bridgersjd/trisicell/scripts_new/partf_scripts/Sep9Matrices/D-no_correction.tsv,0.001,0.075,red,10000,8-124550286-G-C,0.9999999987220874
/home/bridgersjd/trisicell/scripts_new/partf_scripts/Sep9Matrices/D-no_correction.tsv,0.001,0.075,red,50000,8-124550286-G-C,0.999999997725958
/home/bridgersjd/trisicell/scripts_new/partf_scripts/Sep9Matrices/D-no_correction.tsv,0.001,0.075,red,10000,8-3877073-A-C,0.9999999987220874
/home/bridgersjd/trisicell/scripts_new/partf_scripts/Sep9Matrices/D-no_correction.tsv,0.001,0.075,red,10000,9-109116701-G-T,0.9999999987220874
/home/bridgersjd/trisicell/scripts_new/partf_scripts/Sep9Matrices/D-no_correction.tsv,0.001,0.075,red,10000,9-70631213-A-G,0.9999999987220874
/home/bridgersjd/trisicell/scripts_new/partf_scripts/Sep9Matrices/D-C19_corrected.tsv,0.001,0.075,blue,10000,10-108230385-A-T,0.9984647246514885
/home/bridgersjd/trisicell/scripts_new/partf_scripts/Sep9Matrices/D-C19_corrected.tsv,0.001,0.075,blue,10000,1-107079509-T-G,0.9984647246514885
/home/bridgersjd/trisicell/scripts_new/partf_scripts/Sep9Matrices/D-C19_corrected.tsv,0.001,0.075,blue,10000,1-124045394-G-T,0.9984647246514885
/home/bridgersjd/trisicell/scripts_new/partf_scripts/Sep9Matrices/D-C19_corrected.tsv,0.001,0.075,blue,10000,1-133657278-C-T,0.9984647246514885
/home/bridgersjd/trisicell/scripts_new/partf_scripts/Sep9Matrices/D-C19_corrected.tsv,0.001,0.075,blue,10000,1-133657437-G-A,0.9984647246514885
/home/bridgersjd/trisicell/scripts_new/partf_scripts/Sep9Matrices/D-C19_corrected.tsv,0.001,0.075,blue,10000,12-55060931-G-C,0.9984647246514885
/home/bridgersjd/trisicell/scripts_new/partf_scripts/Sep9Matrices/D-C19_corrected.tsv,0.001,0.075,blue,10000,13-77761761-T-A,0.9984647246514885
/home/bridgersjd/trisicell/scripts_new/partf_scripts/Sep9Matrices/D-C19_corrected.tsv,0.001,0.075,blue,10000,1-46243240-T-G,0.9984647246514885
/home/bridgersjd/trisicell/scripts_new/partf_scripts/Sep9Matrices/D-C19_corrected.tsv,0.001,0.075,blue,10000,1-65251646-T-C,0.9984647246514885
/home/bridgersjd/trisicell/scripts_new/partf_scripts/Sep9Matrices/D-C19_corrected.tsv,0.001,0.075,blue,10000,17-37850505-T-C,0.9984647246514885
/home/bridgersjd/trisicell/scripts_new/partf_scripts/Sep9Matrices/D-C19_corrected.tsv,0.001,0.075,blue,10000,18-77133113-T-A,0.9984647246514885
/home/bridgersjd/trisicell/scripts_new/partf_scripts/Sep9Matrices/D-C19_corrected.tsv,0.001,0.075,blue,10000,19-36970044-T-C,0.9984647246514885
/home/bridgersjd/trisicell/scripts_new/partf_scripts/Sep9Matrices/D-C19_corrected.tsv,0.001,0.075,blue,10000,2-75192896-A-T,0.9984647246514885
/home/bridgersjd/trisicell/scripts_new/partf_scripts/Sep9Matrices/D-C19_corrected.tsv,0.001,0.075,blue,10000,4-152407189-C-T,0.9984647246514885
/home/bridgersjd/trisicell/scripts_new/partf_scripts/Sep9Matrices/D-C19_corrected.tsv,0.001,0.075,blue,10000,5-124791693-G-A,0.9984647246514885
/home/bridgersjd/trisicell/scripts_new/partf_scripts/Sep9Matrices/D-C19_corrected.tsv,0.001,0.075,blue,10000,5-147190258-T-A,0.9984647246514885
/home/bridgersjd/trisicell/scripts_new/partf_scripts/Sep9Matrices/D-C19_corrected.tsv,0.001,0.075,blue,10000,7-17211606-T-A,0.9984647246514885
/home/bridgersjd/trisicell/scripts_new/partf_scripts/Sep9Matrices/D-C19_corrected.tsv,0.001,0.075,blue,10000,7-41763054-A-T,0.9984647246514885
/home/bridgersjd/trisicell/scripts_new/partf_scripts/Sep9Matrices/D-C19_corrected.tsv,0.001,0.075,blue,10000,8-22919218-A-G,0.9984647246514885
/home/bridgersjd/trisicell/scripts_new/partf_scripts/Sep9Matrices/D-C19_corrected.tsv,0.001,0.075,blue,10000,9-38815553-T-C,0.9984647246514885
/home/bridgersjd/trisicell/scripts_new/partf_scripts/Sep9Matrices/D-C19_corrected.tsv,0.001,0.075,blue,10000,9-72742662-T-C,0.9984647246514885
/home/bridgersjd/trisicell/scripts_new/partf_scripts/Sep9Matrices/D-C19_corrected.tsv,0.001,0.075,green,10000,1-153465039-T-C,6.775084257391437e-06
/home/bridgersjd/trisicell/scripts_new/partf_scripts/Sep9Matrices/D-C19_corrected.tsv,0.001,0.075,green,10000,12-104361733-A-T,6.775084257391437e-06
/home/bridgersjd/trisicell/scripts_new/partf_scripts/Sep9Matrices/D-C19_corrected.tsv,0.001,0.075,green,10000,2-177389638-A-T,6.775084257391437e-06
/home/bridgersjd/trisicell/scripts_new/partf_scripts/Sep9Matrices/D-C19_corrected.tsv,0.001,0.075,green,10000,4-141085707-T-G,6.775084257391437e-06
/home/bridgersjd/trisicell/scripts_new/partf_scripts/Sep9Matrices/D-C19_corrected.tsv,0.001,0.075,green,10000,4-57225727-T-C,6.775084257391437e-06
/home/bridgersjd/trisicell/scripts_new/partf_scripts/Sep9Matrices/D-C19_corrected.tsv,0.001,0.075,green,10000,5-144280715-A-G,6.678915903386731e-06
/home/bridgersjd/trisicell/scripts_new/partf_scripts/Sep9Matrices/D-C19_corrected.tsv,0.001,0.075,green,10000,5-72227782-C-A,6.775084257391437e-06
/home/bridgersjd/trisicell/scripts_new/partf_scripts/Sep9Matrices/D-C19_corrected.tsv,0.001,0.075,green,10000,6-65862824-G-A,6.775084143130451e-06
/home/bridgersjd/trisicell/scripts_new/partf_scripts/Sep9Matrices/D-C19_corrected.tsv,0.001,0.075,green,10000,7-9028009-A-G,6.775084257391437e-06
/home/bridgersjd/trisicell/scripts_new/partf_scripts/Sep9Matrices/D-C19_corrected.tsv,0.001,0.075,green,10000,7-9090561-A-C,6.775084257391437e-06
/home/bridgersjd/trisicell/scripts_new/partf_scripts/Sep9Matrices/D-C19_corrected.tsv,0.001,0.075,notC2C5,10000,15-101892250-G-C,0.0
/home/bridgersjd/trisicell/scripts_new/partf_scripts/Sep9Matrices/D-C19_corrected.tsv,0.001,0.075,notC2C5,10000,15-102490853-T-C,0.0
/home/bridgersjd/trisicell/scripts_new/partf_scripts/Sep9Matrices/D-C19_corrected.tsv,0.001,0.075,notC2C5,10000,15-6768114-G-C,0.0
/home/bridgersjd/trisicell/scripts_new/partf_scripts/Sep9Matrices/D-C19_corrected.tsv,0.001,0.075,notC2C5,10000,15-73753656-G-T,0.0
/home/bridgersjd/trisicell/scripts_new/partf_scripts/Sep9Matrices/D-C19_corrected.tsv,0.001,0.075,notC2C5,10000,15-76074752-C-T,0.0
/home/bridgersjd/trisicell/scripts_new/partf_scripts/Sep9Matrices/D-C19_corrected.tsv,0.001,0.075,notC2C5,10000,15-76185790-G-T,0.0
/home/bridgersjd/trisicell/scripts_new/partf_scripts/Sep9Matrices/D-C19_corrected.tsv,0.001,0.075,notC2C5,10000,15-8651084-A-T,0.0
/home/bridgersjd/trisicell/scripts_new/partf_scripts/Sep9Matrices/D-C19_corrected.tsv,0.001,0.075,notC2C5,10000,15-89161646-G-C,0.0
/home/bridgersjd/trisicell/scripts_new/partf_scripts/Sep9Matrices/D-C19_corrected.tsv,0.001,0.075,notC2C5,10000,16-87397063-A-G,0.0
/home/bridgersjd/trisicell/scripts_new/partf_scripts/Sep9Matrices/D-C19_corrected.tsv,0.001,0.075,notC2C5,10000,16-97797642-T-C,0.0
/home/bridgersjd/trisicell/scripts_new/partf_scripts/Sep9Matrices/D-C19_corrected.tsv,0.001,0.075,notC2C5,10000,3-107326356-A-C,0.0
/home/bridgersjd/trisicell/scripts_new/partf_scripts/Sep9Matrices/D-C19_corrected.tsv,0.001,0.075,notC2C5,10000,3-115978866-A-G,0.0
/home/bridgersjd/trisicell/scripts_new/partf_scripts/Sep9Matrices/D-C19_corrected.tsv,0.001,0.075,notC2C5,10000,3-132842741-G-A,0.0
/home/bridgersjd/trisicell/scripts_new/partf_scripts/Sep9Matrices/D-C19_corrected.tsv,0.001,0.075,notC2C5,10000,3-134967080-T-G,0.0
/home/bridgersjd/trisicell/scripts_new/partf_scripts/Sep9Matrices/D-C19_corrected.tsv,0.001,0.075,notC2C5,10000,3-135411188-T-A,0.0
/home/bridgersjd/trisicell/scripts_new/partf_scripts/Sep9Matrices/D-C19_corrected.tsv,0.001,0.075,notC2C5,10000,3-60037216-T-A,0.0
/home/bridgersjd/trisicell/scripts_new/partf_scripts/Sep9Matrices/D-C19_corrected.tsv,0.001,0.075,notC2C5,10000,3-70018598-T-G,0.0
/home/bridgersjd/trisicell/scripts_new/partf_scripts/Sep9Matrices/D-C19_corrected.tsv,0.001,0.075,notC2C5,10000,3-79604987-A-G,0.0
/home/bridgersjd/trisicell/scripts_new/partf_scripts/Sep9Matrices/D-C19_corrected.tsv,0.001,0.075,notC2C5,10000,3-79623503-T-C,0.0
/home/bridgersjd/trisicell/scripts_new/partf_scripts/Sep9Matrices/D-C19_corrected.tsv,0.001,0.075,notC2C5,10000,3-86360283-A-C,0.0
/home/bridgersjd/trisicell/scripts_new/partf_scripts/Sep9Matrices/D-C19_corrected.tsv,0.001,0.075,notC2C5,10000,3-92320916-G-C,0.0
/home/bridgersjd/trisicell/scripts_new/partf_scripts/Sep9Matrices/D-C19_corrected.tsv,0.001,0.075,notC2C5,10000,3-92620349-C-T,0.0
/home/bridgersjd/trisicell/scripts_new/partf_scripts/Sep9Matrices/D-C19_corrected.tsv,0.001,0.075,notC2C5,10000,3-95562653-G-A,0.0
/home/bridgersjd/trisicell/scripts_new/partf_scripts/Sep9Matrices/D-C19_corrected.tsv,0.001,0.075,orange,10000,10-112455793-G-C,0.9988824707392315
/home/bridgersjd/trisicell/scripts_new/partf_scripts/Sep9Matrices/D-C19_corrected.tsv,0.001,0.075,orange,10000,10-121414414-C-A,0.9988824707392315
/home/bridgersjd/trisicell/scripts_new/partf_scripts/Sep9Matrices/D-C19_corrected.tsv,0.001,0.075,orange,10000,10-126323252-T-C,0.9988824707392315
/home/bridgersjd/trisicell/scripts_new/partf_scripts/Sep9Matrices/D-C19_corrected.tsv,0.001,0.075,orange,10000,10-128320352-G-C,0.9988824707392315
/home/bridgersjd/trisicell/scripts_new/partf_scripts/Sep9Matrices/D-C19_corrected.tsv,0.001,0.075,orange,10000,10-88548806-C-G,0.9988824707392315
/home/bridgersjd/trisicell/scripts_new/partf_scripts/Sep9Matrices/D-C19_corrected.tsv,0.001,0.075,orange,10000,10-94788637-T-C,0.9988824707392315
/home/bridgersjd/trisicell/scripts_new/partf_scripts/Sep9Matrices/D-C19_corrected.tsv,0.001,0.075,orange,10000,11-100889404-T-C,0.9988824707392315
/home/bridgersjd/trisicell/scripts_new/partf_scripts/Sep9Matrices/D-C19_corrected.tsv,0.001,0.075,orange,10000,11-101331443-G-C,0.9988824707392315
/home/bridgersjd/trisicell/scripts_new/partf_scripts/Sep9Matrices/D-C19_corrected.tsv,0.001,0.075,orange,10000,11-105336169-G-C,0.9988824707392315
/home/bridgersjd/trisicell/scripts_new/partf_scripts/Sep9Matrices/D-C19_corrected.tsv,0.001,0.075,orange,10000,11-115523896-A-G,0.9988824707392315
/home/bridgersjd/trisicell/scripts_new/partf_scripts/Sep9Matrices/D-C19_corrected.tsv,0.001,0.075,orange,10000,11-115609093-C-A,0.9988824707392315
/home/bridgersjd/trisicell/scripts_new/partf_scripts/Sep9Matrices/D-C19_corrected.tsv,0.001,0.075,orange,10000,11-117760801-C-T,0.9988824707392315
/home/bridgersjd/trisicell/scripts_new/partf_scripts/Sep9Matrices/D-C19_corrected.tsv,0.001,0.075,orange,10000,11-120720746-T-G,0.9988824707392315
/home/bridgersjd/trisicell/scripts_new/partf_scripts/Sep9Matrices/D-C19_corrected.tsv,0.001,0.075,orange,10000,11-48997194-T-C,0.9988824707392315
/home/bridgersjd/trisicell/scripts_new/partf_scripts/Sep9Matrices/D-C19_corrected.tsv,0.001,0.075,orange,10000,1-157601212-C-G,0.9988824707392315
/home/bridgersjd/trisicell/scripts_new/partf_scripts/Sep9Matrices/D-C19_corrected.tsv,0.001,0.075,orange,10000,1-171515405-T-C,0.9988824707392315
/home/bridgersjd/trisicell/scripts_new/partf_scripts/Sep9Matrices/D-C19_corrected.tsv,0.001,0.075,orange,10000,1-177043950-T-G,0.9988824707392315
/home/bridgersjd/trisicell/scripts_new/partf_scripts/Sep9Matrices/D-C19_corrected.tsv,0.001,0.075,orange,10000,12-115495636-A-G,0.9988824707392315
/home/bridgersjd/trisicell/scripts_new/partf_scripts/Sep9Matrices/D-C19_corrected.tsv,0.001,0.075,orange,10000,12-117724160-C-G,0.9977959183045654
/home/bridgersjd/trisicell/scripts_new/partf_scripts/Sep9Matrices/D-C19_corrected.tsv,0.001,0.075,orange,10000,1-21229667-T-A,0.9988824707392315
/home/bridgersjd/trisicell/scripts_new/partf_scripts/Sep9Matrices/D-C19_corrected.tsv,0.001,0.075,orange,10000,12-20008301-A-C,0.9988824707392315
/home/bridgersjd/trisicell/scripts_new/partf_scripts/Sep9Matrices/D-C19_corrected.tsv,0.001,0.075,orange,10000,12-23009993-C-T,0.9988824707392315
/home/bridgersjd/trisicell/scripts_new/partf_scripts/Sep9Matrices/D-C19_corrected.tsv,0.001,0.075,orange,10000,1-25111741-G-A,0.9988824707392315
/home/bridgersjd/trisicell/scripts_new/partf_scripts/Sep9Matrices/D-C19_corrected.tsv,0.001,0.075,orange,10000,12-70346605-G-T,0.9988824707392315
/home/bridgersjd/trisicell/scripts_new/partf_scripts/Sep9Matrices/D-C19_corrected.tsv,0.001,0.075,orange,10000,12-79239875-G-A,0.9988824707392315
/home/bridgersjd/trisicell/scripts_new/partf_scripts/Sep9Matrices/D-C19_corrected.tsv,0.001,0.075,orange,10000,12-94914728-A-G,0.9988824707392315
/home/bridgersjd/trisicell/scripts_new/partf_scripts/Sep9Matrices/D-C19_corrected.tsv,0.001,0.075,orange,10000,13-103753116-T-G,0.9988824707392315
/home/bridgersjd/trisicell/scripts_new/partf_scripts/Sep9Matrices/D-C19_corrected.tsv,0.001,0.075,orange,10000,13-23543276-T-C,0.9988824707392315
/home/bridgersjd/trisicell/scripts_new/partf_scripts/Sep9Matrices/D-C19_corrected.tsv,0.001,0.075,orange,10000,13-23545091-A-C,0.9988824707392315
/home/bridgersjd/trisicell/scripts_new/partf_scripts/Sep9Matrices/D-C19_corrected.tsv,0.001,0.075,orange,10000,13-33252852-T-A,0.9988824707392315
/home/bridgersjd/trisicell/scripts_new/partf_scripts/Sep9Matrices/D-C19_corrected.tsv,0.001,0.075,orange,10000,13-49521194-A-G,0.9988824707392315
/home/bridgersjd/trisicell/scripts_new/partf_scripts/Sep9Matrices/D-C19_corrected.tsv,0.001,0.075,orange,10000,13-50646708-A-G,0.9988824707392315
/home/bridgersjd/trisicell/scripts_new/partf_scripts/Sep9Matrices/D-C19_corrected.tsv,0.001,0.075,orange,10000,13-59623080-A-G,0.9988824707392315
/home/bridgersjd/trisicell/scripts_new/partf_scripts/Sep9Matrices/D-C19_corrected.tsv,0.001,0.075,orange,10000,13-62675452-A-G,0.9988824707392315
/home/bridgersjd/trisicell/scripts_new/partf_scripts/Sep9Matrices/D-C19_corrected.tsv,0.001,0.075,orange,10000,13-90937216-G-C,0.9988824707392315
/home/bridgersjd/trisicell/scripts_new/partf_scripts/Sep9Matrices/D-C19_corrected.tsv,0.001,0.075,orange,10000,14-51523317-T-C,0.9977959183045654
/home/bridgersjd/trisicell/scripts_new/partf_scripts/Sep9Matrices/D-C19_corrected.tsv,0.001,0.075,orange,10000,14-62365203-C-A,0.9988824707392315
/home/bridgersjd/trisicell/scripts_new/partf_scripts/Sep9Matrices/D-C19_corrected.tsv,0.001,0.075,orange,10000,14-7296067-A-G,0.9988824707392315
/home/bridgersjd/trisicell/scripts_new/partf_scripts/Sep9Matrices/D-C19_corrected.tsv,0.001,0.075,orange,10000,15-101930750-A-C,0.9988824707392315
/home/bridgersjd/trisicell/scripts_new/partf_scripts/Sep9Matrices/D-C19_corrected.tsv,0.001,0.075,orange,10000,15-102484040-T-A,0.9988824707392315
/home/bridgersjd/trisicell/scripts_new/partf_scripts/Sep9Matrices/D-C19_corrected.tsv,0.001,0.075,orange,10000,1-54987484-G-A,0.9988824707392315
/home/bridgersjd/trisicell/scripts_new/partf_scripts/Sep9Matrices/D-C19_corrected.tsv,0.001,0.075,orange,10000,15-64094606-A-G,0.9988824707392315
/home/bridgersjd/trisicell/scripts_new/partf_scripts/Sep9Matrices/D-C19_corrected.tsv,0.001,0.075,orange,10000,15-66792161-T-C,0.9988824707392315
/home/bridgersjd/trisicell/scripts_new/partf_scripts/Sep9Matrices/D-C19_corrected.tsv,0.001,0.075,orange,10000,15-75982084-T-C,0.9988824707392315
/home/bridgersjd/trisicell/scripts_new/partf_scripts/Sep9Matrices/D-C19_corrected.tsv,0.001,0.075,orange,10000,15-79906897-T-G,0.9988824707392315
/home/bridgersjd/trisicell/scripts_new/partf_scripts/Sep9Matrices/D-C19_corrected.tsv,0.001,0.075,orange,10000,15-81981109-T-G,0.9988824707392315
/home/bridgersjd/trisicell/scripts_new/partf_scripts/Sep9Matrices/D-C19_corrected.tsv,0.001,0.075,orange,10000,15-90993774-C-A,0.9988824707392315
/home/bridgersjd/trisicell/scripts_new/partf_scripts/Sep9Matrices/D-C19_corrected.tsv,0.001,0.075,orange,10000,15-94558182-T-C,0.9988824707392315
/home/bridgersjd/trisicell/scripts_new/partf_scripts/Sep9Matrices/D-C19_corrected.tsv,0.001,0.075,orange,10000,15-96358955-T-C,0.9988824707392315
/home/bridgersjd/trisicell/scripts_new/partf_scripts/Sep9Matrices/D-C19_corrected.tsv,0.001,0.075,orange,10000,16-15556718-T-C,0.9988824707392315
/home/bridgersjd/trisicell/scripts_new/partf_scripts/Sep9Matrices/D-C19_corrected.tsv,0.001,0.075,orange,10000,16-5049899-G-C,0.9988824707392315
/home/bridgersjd/trisicell/scripts_new/partf_scripts/Sep9Matrices/D-C19_corrected.tsv,0.001,0.075,orange,10000,16-57133075-A-T,0.9988824707392315
/home/bridgersjd/trisicell/scripts_new/partf_scripts/Sep9Matrices/D-C19_corrected.tsv,0.001,0.075,orange,10000,16-59682772-T-A,0.9988824707392315
/home/bridgersjd/trisicell/scripts_new/partf_scripts/Sep9Matrices/D-C19_corrected.tsv,0.001,0.075,orange,10000,16-93683427-C-T,0.9988824707392315
/home/bridgersjd/trisicell/scripts_new/partf_scripts/Sep9Matrices/D-C19_corrected.tsv,0.001,0.075,orange,10000,17-20814579-T-A,0.9988824707392315
/home/bridgersjd/trisicell/scripts_new/partf_scripts/Sep9Matrices/D-C19_corrected.tsv,0.001,0.075,orange,10000,17-25018809-C-G,0.9988824707392315
/home/bridgersjd/trisicell/scripts_new/partf_scripts/Sep9Matrices/D-C19_corrected.tsv,0.001,0.075,orange,10000,1-74287097-T-G,0.9988824707392315
/home/bridgersjd/trisicell/scripts_new/partf_scripts/Sep9Matrices/D-C19_corrected.tsv,0.001,0.075,orange,10000,17-43451148-A-G,0.9988824707392315
/home/bridgersjd/trisicell/scripts_new/partf_scripts/Sep9Matrices/D-C19_corrected.tsv,0.001,0.075,orange,10000,17-56189907-A-T,0.9988824707392315
/home/bridgersjd/trisicell/scripts_new/partf_scripts/Sep9Matrices/D-C19_corrected.tsv,0.001,0.075,orange,10000,17-65811257-T-C,0.9988824707392315
/home/bridgersjd/trisicell/scripts_new/partf_scripts/Sep9Matrices/D-C19_corrected.tsv,0.001,0.075,orange,10000,18-21332457-T-C,0.9988824707392315
/home/bridgersjd/trisicell/scripts_new/partf_scripts/Sep9Matrices/D-C19_corrected.tsv,0.001,0.075,orange,10000,19-45560547-A-T,0.06969801561487554
/home/bridgersjd/trisicell/scripts_new/partf_scripts/Sep9Matrices/D-C19_corrected.tsv,0.001,0.075,orange,10000,19-5723006-G-T,0.9988824707392315
/home/bridgersjd/trisicell/scripts_new/partf_scripts/Sep9Matrices/D-C19_corrected.tsv,0.001,0.075,orange,10000,2-122111902-A-C,0.9988824707392315
/home/bridgersjd/trisicell/scripts_new/partf_scripts/Sep9Matrices/D-C19_corrected.tsv,0.001,0.075,orange,10000,2-152869614-A-G,0.9988824707392315
/home/bridgersjd/trisicell/scripts_new/partf_scripts/Sep9Matrices/D-C19_corrected.tsv,0.001,0.075,orange,10000,2-30345202-T-A,0.9988824707392315
/home/bridgersjd/trisicell/scripts_new/partf_scripts/Sep9Matrices/D-C19_corrected.tsv,0.001,0.075,orange,10000,2-74713952-C-T,0.9988824707392315
/home/bridgersjd/trisicell/scripts_new/partf_scripts/Sep9Matrices/D-C19_corrected.tsv,0.001,0.075,orange,10000,3-127634032-A-G,0.9988824707392315
/home/bridgersjd/trisicell/scripts_new/partf_scripts/Sep9Matrices/D-C19_corrected.tsv,0.001,0.075,orange,10000,3-14606238-A-C,0.9988824707392315
/home/bridgersjd/trisicell/scripts_new/partf_scripts/Sep9Matrices/D-C19_corrected.tsv,0.001,0.075,orange,10000,3-33800433-G-C,0.9988824707392315
/home/bridgersjd/trisicell/scripts_new/partf_scripts/Sep9Matrices/D-C19_corrected.tsv,0.001,0.075,orange,10000,3-72903769-A-G,0.9988824707392315
/home/bridgersjd/trisicell/scripts_new/partf_scripts/Sep9Matrices/D-C19_corrected.tsv,0.001,0.075,orange,10000,3-88158253-C-G,0.9988824707392315
/home/bridgersjd/trisicell/scripts_new/partf_scripts/Sep9Matrices/D-C19_corrected.tsv,0.001,0.075,orange,10000,3-88503109-G-C,0.9988824707392315
/home/bridgersjd/trisicell/scripts_new/partf_scripts/Sep9Matrices/D-C19_corrected.tsv,0.001,0.075,orange,10000,3-90455834-T-C,0.9988824707392315
/home/bridgersjd/trisicell/scripts_new/partf_scripts/Sep9Matrices/D-C19_corrected.tsv,0.001,0.075,orange,10000,3-94936609-T-C,0.9988824707392315
/home/bridgersjd/trisicell/scripts_new/partf_scripts/Sep9Matrices/D-C19_corrected.tsv,0.001,0.075,orange,10000,3-96581716-C-T,0.9988824707392315
/home/bridgersjd/trisicell/scripts_new/partf_scripts/Sep9Matrices/D-C19_corrected.tsv,0.001,0.075,orange,10000,4-104780668-C-A,0.9988824707392315
/home/bridgersjd/trisicell/scripts_new/partf_scripts/Sep9Matrices/D-C19_corrected.tsv,0.001,0.075,orange,10000,4-11061111-A-C,0.9988824707392315
/home/bridgersjd/trisicell/scripts_new/partf_scripts/Sep9Matrices/D-C19_corrected.tsv,0.001,0.075,orange,10000,4-113184743-A-C,0.9988824707392315
/home/bridgersjd/trisicell/scripts_new/partf_scripts/Sep9Matrices/D-C19_corrected.tsv,0.001,0.075,orange,10000,4-155902679-C-G,0.9988824707392315
/home/bridgersjd/trisicell/scripts_new/partf_scripts/Sep9Matrices/D-C19_corrected.tsv,0.001,0.075,orange,10000,4-32713283-T-A,0.9988824707392315
/home/bridgersjd/trisicell/scripts_new/partf_scripts/Sep9Matrices/D-C19_corrected.tsv,0.001,0.075,orange,10000,5-107478416-A-C,0.9988824707392315
/home/bridgersjd/trisicell/scripts_new/partf_scripts/Sep9Matrices/D-C19_corrected.tsv,0.001,0.075,orange,10000,5-113092540-T-G,0.9988824707392315
/home/bridgersjd/trisicell/scripts_new/partf_scripts/Sep9Matrices/D-C19_corrected.tsv,0.001,0.075,orange,10000,5-125623070-T-G,0.9988824707392315
/home/bridgersjd/trisicell/scripts_new/partf_scripts/Sep9Matrices/D-C19_corrected.tsv,0.001,0.075,orange,10000,5-134194925-A-G,0.9988824707392315
/home/bridgersjd/trisicell/scripts_new/partf_scripts/Sep9Matrices/D-C19_corrected.tsv,0.001,0.075,orange,10000,5-138150881-G-A,0.9988824707392315
/home/bridgersjd/trisicell/scripts_new/partf_scripts/Sep9Matrices/D-C19_corrected.tsv,0.001,0.075,orange,10000,5-139718172-T-C,0.9988824707392315
/home/bridgersjd/trisicell/scripts_new/partf_scripts/Sep9Matrices/D-C19_corrected.tsv,0.001,0.075,orange,10000,5-16315040-C-A,0.9988824707392315
/home/bridgersjd/trisicell/scripts_new/partf_scripts/Sep9Matrices/D-C19_corrected.tsv,0.001,0.075,orange,10000,5-25848448-G-C,0.9988824707392315
/home/bridgersjd/trisicell/scripts_new/partf_scripts/Sep9Matrices/D-C19_corrected.tsv,0.001,0.075,orange,10000,5-30068338-T-C,0.9988824707392315
/home/bridgersjd/trisicell/scripts_new/partf_scripts/Sep9Matrices/D-C19_corrected.tsv,0.001,0.075,orange,10000,5-3047629-T-A,0.9988824707392315
/home/bridgersjd/trisicell/scripts_new/partf_scripts/Sep9Matrices/D-C19_corrected.tsv,0.001,0.075,orange,10000,5-55956380-T-C,0.9988824707392315
/home/bridgersjd/trisicell/scripts_new/partf_scripts/Sep9Matrices/D-C19_corrected.tsv,0.001,0.075,orange,10000,5-67611014-T-C,0.9988824707392315
/home/bridgersjd/trisicell/scripts_new/partf_scripts/Sep9Matrices/D-C19_corrected.tsv,0.001,0.075,orange,10000,5-91140830-A-G,0.9988824707392315
/home/bridgersjd/trisicell/scripts_new/partf_scripts/Sep9Matrices/D-C19_corrected.tsv,0.001,0.075,orange,10000,5-96231580-T-C,0.9988824707392315
/home/bridgersjd/trisicell/scripts_new/partf_scripts/Sep9Matrices/D-C19_corrected.tsv,0.001,0.075,orange,10000,6-101151245-T-C,0.9988824707392315
/home/bridgersjd/trisicell/scripts_new/partf_scripts/Sep9Matrices/D-C19_corrected.tsv,0.001,0.075,orange,10000,6-123050516-A-T,0.9988824707392315
/home/bridgersjd/trisicell/scripts_new/partf_scripts/Sep9Matrices/D-C19_corrected.tsv,0.001,0.075,orange,10000,6-12555517-G-T,0.9988824707392315
/home/bridgersjd/trisicell/scripts_new/partf_scripts/Sep9Matrices/D-C19_corrected.tsv,0.001,0.075,orange,10000,6-132737111-A-T,0.9988824707392315
/home/bridgersjd/trisicell/scripts_new/partf_scripts/Sep9Matrices/D-C19_corrected.tsv,0.001,0.075,orange,10000,6-48765049-T-C,0.9988824707392315
/home/bridgersjd/trisicell/scripts_new/partf_scripts/Sep9Matrices/D-C19_corrected.tsv,0.001,0.075,orange,10000,6-70331272-A-G,0.9988824707392315
/home/bridgersjd/trisicell/scripts_new/partf_scripts/Sep9Matrices/D-C19_corrected.tsv,0.001,0.075,orange,10000,6-87845723-G-C,0.9988824707392315
/home/bridgersjd/trisicell/scripts_new/partf_scripts/Sep9Matrices/D-C19_corrected.tsv,0.001,0.075,orange,10000,6-88126513-T-G,0.9988824707392315
/home/bridgersjd/trisicell/scripts_new/partf_scripts/Sep9Matrices/D-C19_corrected.tsv,0.001,0.075,orange,10000,7-10199922-T-C,0.9988824707392315
/home/bridgersjd/trisicell/scripts_new/partf_scripts/Sep9Matrices/D-C19_corrected.tsv,0.001,0.075,orange,10000,7-106600414-C-A,0.9988824707392315
/home/bridgersjd/trisicell/scripts_new/partf_scripts/Sep9Matrices/D-C19_corrected.tsv,0.001,0.075,orange,10000,7-108256194-T-A,0.9988824707392315
/home/bridgersjd/trisicell/scripts_new/partf_scripts/Sep9Matrices/D-C19_corrected.tsv,0.001,0.075,orange,10000,7-123181613-G-T,0.9988824707392315
/home/bridgersjd/trisicell/scripts_new/partf_scripts/Sep9Matrices/D-C19_corrected.tsv,0.001,0.075,orange,10000,7-141392364-C-A,0.9988824707392315
/home/bridgersjd/trisicell/scripts_new/partf_scripts/Sep9Matrices/D-C19_corrected.tsv,0.001,0.075,orange,10000,7-14768396-T-A,0.9988824707392315
/home/bridgersjd/trisicell/scripts_new/partf_scripts/Sep9Matrices/D-C19_corrected.tsv,0.001,0.075,orange,10000,7-28042135-A-C,0.9988824707392315
/home/bridgersjd/trisicell/scripts_new/partf_scripts/Sep9Matrices/D-C19_corrected.tsv,0.001,0.075,orange,10000,7-31546178-T-C,0.9988824707392315
/home/bridgersjd/trisicell/scripts_new/partf_scripts/Sep9Matrices/D-C19_corrected.tsv,0.001,0.075,orange,10000,7-44830218-A-C,0.9988824707392315
/home/bridgersjd/trisicell/scripts_new/partf_scripts/Sep9Matrices/D-C19_corrected.tsv,0.001,0.075,orange,10000,7-44830344-A-G,0.9988824707392315
/home/bridgersjd/trisicell/scripts_new/partf_scripts/Sep9Matrices/D-C19_corrected.tsv,0.001,0.075,orange,10000,7-88572376-T-G,0.9988824707392315
/home/bridgersjd/trisicell/scripts_new/partf_scripts/Sep9Matrices/D-C19_corrected.tsv,0.001,0.075,orange,10000,7-93178968-T-G,0.9988824707392315
/home/bridgersjd/trisicell/scripts_new/partf_scripts/Sep9Matrices/D-C19_corrected.tsv,0.001,0.075,orange,10000,8-124604241-C-A,0.9988824707392315
/home/bridgersjd/trisicell/scripts_new/partf_scripts/Sep9Matrices/D-C19_corrected.tsv,0.001,0.075,orange,10000,8-13090886-T-G,0.9988824707392315
/home/bridgersjd/trisicell/scripts_new/partf_scripts/Sep9Matrices/D-C19_corrected.tsv,0.001,0.075,orange,10000,8-13386624-T-G,0.9988824707392315
/home/bridgersjd/trisicell/scripts_new/partf_scripts/Sep9Matrices/D-C19_corrected.tsv,0.001,0.075,orange,10000,8-20869794-G-T,0.9988824707392315
/home/bridgersjd/trisicell/scripts_new/partf_scripts/Sep9Matrices/D-C19_corrected.tsv,0.001,0.075,orange,10000,8-67502349-A-T,0.9988824707392315
/home/bridgersjd/trisicell/scripts_new/partf_scripts/Sep9Matrices/D-C19_corrected.tsv,0.001,0.075,orange,10000,8-71692914-C-T,0.9988824707392315
/home/bridgersjd/trisicell/scripts_new/partf_scripts/Sep9Matrices/D-C19_corrected.tsv,0.001,0.075,orange,10000,8-77420033-A-G,0.9988824707392315
/home/bridgersjd/trisicell/scripts_new/partf_scripts/Sep9Matrices/D-C19_corrected.tsv,0.001,0.075,orange,10000,8-80612115-C-T,0.9988824707392315
/home/bridgersjd/trisicell/scripts_new/partf_scripts/Sep9Matrices/D-C19_corrected.tsv,0.001,0.075,orange,10000,8-87904651-A-C,0.9988824707392315
/home/bridgersjd/trisicell/scripts_new/partf_scripts/Sep9Matrices/D-C19_corrected.tsv,0.001,0.075,orange,10000,8-88314232-C-G,0.9988824707392315
/home/bridgersjd/trisicell/scripts_new/partf_scripts/Sep9Matrices/D-C19_corrected.tsv,0.001,0.075,orange,10000,9-35034760-A-T,0.9988824707392315
/home/bridgersjd/trisicell/scripts_new/partf_scripts/Sep9Matrices/D-C19_corrected.tsv,0.001,0.075,orange,10000,9-65054724-A-T,0.9988824707392315
/home/bridgersjd/trisicell/scripts_new/partf_scripts/Sep9Matrices/D-C19_corrected.tsv,0.001,0.075,orange,10000,9-7159013-A-G,0.9988824707392315
/home/bridgersjd/trisicell/scripts_new/partf_scripts/Sep9Matrices/D-C19_corrected.tsv,0.001,0.075,orange,10000,9-71650324-C-A,0.9988824707392315
/home/bridgersjd/trisicell/scripts_new/partf_scripts/Sep9Matrices/D-C19_corrected.tsv,0.001,0.075,red,10000,10-128208907-C-G,0.9999932226176396
/home/bridgersjd/trisicell/scripts_new/partf_scripts/Sep9Matrices/D-C19_corrected.tsv,0.001,0.075,red,10000,11-110197009-A-T,0.9999932226176396
/home/bridgersjd/trisicell/scripts_new/partf_scripts/Sep9Matrices/D-C19_corrected.tsv,0.001,0.075,red,10000,1-150461958-T-A,0.9999932226176396
/home/bridgersjd/trisicell/scripts_new/partf_scripts/Sep9Matrices/D-C19_corrected.tsv,0.001,0.075,red,10000,11-58392727-T-G,0.9999932226176396
/home/bridgersjd/trisicell/scripts_new/partf_scripts/Sep9Matrices/D-C19_corrected.tsv,0.001,0.075,red,10000,11-71217264-C-G,0.9999932226176396
/home/bridgersjd/trisicell/scripts_new/partf_scripts/Sep9Matrices/D-C19_corrected.tsv,0.001,0.075,red,10000,12-16948305-T-G,0.9999932226176396
/home/bridgersjd/trisicell/scripts_new/partf_scripts/Sep9Matrices/D-C19_corrected.tsv,0.001,0.075,red,10000,12-31304842-A-T,0.9999932226176396
/home/bridgersjd/trisicell/scripts_new/partf_scripts/Sep9Matrices/D-C19_corrected.tsv,0.001,0.075,red,10000,12-84678742-T-A,0.9999932226176396
/home/bridgersjd/trisicell/scripts_new/partf_scripts/Sep9Matrices/D-C19_corrected.tsv,0.001,0.075,red,10000,13-100781050-C-T,0.9999932226176396
/home/bridgersjd/trisicell/scripts_new/partf_scripts/Sep9Matrices/D-C19_corrected.tsv,0.001,0.075,red,10000,15-25682204-T-C,0.9999932226176396
/home/bridgersjd/trisicell/scripts_new/partf_scripts/Sep9Matrices/D-C19_corrected.tsv,0.001,0.075,red,10000,15-5208249-A-T,0.9999932226176396
/home/bridgersjd/trisicell/scripts_new/partf_scripts/Sep9Matrices/D-C19_corrected.tsv,0.001,0.075,red,10000,16-81852613-G-C,0.9999932225812145
/home/bridgersjd/trisicell/scripts_new/partf_scripts/Sep9Matrices/D-C19_corrected.tsv,0.001,0.075,red,10000,18-38250364-A-G,0.9999932226176396
/home/bridgersjd/trisicell/scripts_new/partf_scripts/Sep9Matrices/D-C19_corrected.tsv,0.001,0.075,red,10000,18-64551838-A-T,0.9999932226176396
/home/bridgersjd/trisicell/scripts_new/partf_scripts/Sep9Matrices/D-C19_corrected.tsv,0.001,0.075,red,10000,18-76302129-C-T,0.9999932226176396
/home/bridgersjd/trisicell/scripts_new/partf_scripts/Sep9Matrices/D-C19_corrected.tsv,0.001,0.075,red,10000,2-70678017-A-G,0.9999932226176396
/home/bridgersjd/trisicell/scripts_new/partf_scripts/Sep9Matrices/D-C19_corrected.tsv,0.001,0.075,red,10000,2-88958383-G-A,0.9999932226176396
/home/bridgersjd/trisicell/scripts_new/partf_scripts/Sep9Matrices/D-C19_corrected.tsv,0.001,0.075,red,10000,3-127813137-G-A,0.9999932226176396
/home/bridgersjd/trisicell/scripts_new/partf_scripts/Sep9Matrices/D-C19_corrected.tsv,0.001,0.075,red,10000,3-58555745-C-A,0.9999932226176396
/home/bridgersjd/trisicell/scripts_new/partf_scripts/Sep9Matrices/D-C19_corrected.tsv,0.001,0.075,red,10000,5-122880997-C-T,0.9999932226176396
/home/bridgersjd/trisicell/scripts_new/partf_scripts/Sep9Matrices/D-C19_corrected.tsv,0.001,0.075,red,10000,5-76305388-A-G,0.9999932226176396
/home/bridgersjd/trisicell/scripts_new/partf_scripts/Sep9Matrices/D-C19_corrected.tsv,0.001,0.075,red,10000,6-117925602-A-T,0.9999932226176396
/home/bridgersjd/trisicell/scripts_new/partf_scripts/Sep9Matrices/D-C19_corrected.tsv,0.001,0.075,red,10000,6-121924361-T-C,0.838909521920601
/home/bridgersjd/trisicell/scripts_new/partf_scripts/Sep9Matrices/D-C19_corrected.tsv,0.001,0.075,red,10000,6-66535580-A-C,0.9999932226176396
/home/bridgersjd/trisicell/scripts_new/partf_scripts/Sep9Matrices/D-C19_corrected.tsv,0.001,0.075,red,10000,7-16675732-G-A,0.9999932226176396
/home/bridgersjd/trisicell/scripts_new/partf_scripts/Sep9Matrices/D-C19_corrected.tsv,0.001,0.075,red,10000,7-86336156-A-G,0.9999932226176396
/home/bridgersjd/trisicell/scripts_new/partf_scripts/Sep9Matrices/D-C19_corrected.tsv,0.001,0.075,red,10000,8-104927328-G-T,0.9999932226176396
/home/bridgersjd/trisicell/scripts_new/partf_scripts/Sep9Matrices/D-C19_corrected.tsv,0.001,0.075,red,10000,8-124550286-G-C,0.9999932226176396
/home/bridgersjd/trisicell/scripts_new/partf_scripts/Sep9Matrices/D-C19_corrected.tsv,0.001,0.075,red,10000,8-3877073-A-C,0.9999932226176396
/home/bridgersjd/trisicell/scripts_new/partf_scripts/Sep9Matrices/D-C19_corrected.tsv,0.001,0.075,red,10000,9-109116701-G-T,0.9999932226176396
/home/bridgersjd/trisicell/scripts_new/partf_scripts/Sep9Matrices/D-C19_corrected.tsv,0.001,0.075,red,10000,9-70631213-A-G,0.9999932226176396
/home/bridgersjd/trisicell/scripts_new/partf_scripts/Sep9Matrices/D-C19_and_C2C5_corrected.tsv,0.0001,0.075,blue,10000,10-108230385-A-T,0.999860246448777
/home/bridgersjd/trisicell/scripts_new/partf_scripts/Sep9Matrices/D-C19_and_C2C5_corrected.tsv,0.0001,0.075,blue,10000,1-107079509-T-G,0.999860246448777
/home/bridgersjd/trisicell/scripts_new/partf_scripts/Sep9Matrices/D-C19_and_C2C5_corrected.tsv,0.0001,0.075,blue,10000,1-124045394-G-T,0.999860246448777
/home/bridgersjd/trisicell/scripts_new/partf_scripts/Sep9Matrices/D-C19_and_C2C5_corrected.tsv,0.0001,0.075,blue,10000,1-133657278-C-T,0.999860246448777
/home/bridgersjd/trisicell/scripts_new/partf_scripts/Sep9Matrices/D-C19_and_C2C5_corrected.tsv,0.0001,0.075,blue,10000,1-133657437-G-A,0.999860246448777
/home/bridgersjd/trisicell/scripts_new/partf_scripts/Sep9Matrices/D-C19_and_C2C5_corrected.tsv,0.0001,0.075,blue,10000,12-55060931-G-C,0.999860246448777
/home/bridgersjd/trisicell/scripts_new/partf_scripts/Sep9Matrices/D-C19_and_C2C5_corrected.tsv,0.0001,0.075,blue,10000,13-77761761-T-A,0.999860246448777
/home/bridgersjd/trisicell/scripts_new/partf_scripts/Sep9Matrices/D-C19_and_C2C5_corrected.tsv,0.0001,0.075,blue,10000,1-46243240-T-G,0.999860246448777
/home/bridgersjd/trisicell/scripts_new/partf_scripts/Sep9Matrices/D-C19_and_C2C5_corrected.tsv,0.0001,0.075,blue,10000,1-65251646-T-C,0.999860246448777
/home/bridgersjd/trisicell/scripts_new/partf_scripts/Sep9Matrices/D-C19_and_C2C5_corrected.tsv,0.0001,0.075,blue,10000,17-37850505-T-C,0.999860246448777
/home/bridgersjd/trisicell/scripts_new/partf_scripts/Sep9Matrices/D-C19_and_C2C5_corrected.tsv,0.0001,0.075,blue,10000,18-77133113-T-A,0.999860246448777
/home/bridgersjd/trisicell/scripts_new/partf_scripts/Sep9Matrices/D-C19_and_C2C5_corrected.tsv,0.0001,0.075,blue,10000,19-36970044-T-C,0.999860246448777
/home/bridgersjd/trisicell/scripts_new/partf_scripts/Sep9Matrices/D-C19_and_C2C5_corrected.tsv,0.0001,0.075,blue,10000,2-75192896-A-T,0.999860246448777
/home/bridgersjd/trisicell/scripts_new/partf_scripts/Sep9Matrices/D-C19_and_C2C5_corrected.tsv,0.0001,0.075,blue,10000,4-152407189-C-T,0.999860246448777
/home/bridgersjd/trisicell/scripts_new/partf_scripts/Sep9Matrices/D-C19_and_C2C5_corrected.tsv,0.0001,0.075,blue,10000,5-124791693-G-A,0.999860246448777
/home/bridgersjd/trisicell/scripts_new/partf_scripts/Sep9Matrices/D-C19_and_C2C5_corrected.tsv,0.0001,0.075,blue,10000,5-147190258-T-A,0.999860246448777
/home/bridgersjd/trisicell/scripts_new/partf_scripts/Sep9Matrices/D-C19_and_C2C5_corrected.tsv,0.0001,0.075,blue,10000,7-17211606-T-A,0.999860246448777
/home/bridgersjd/trisicell/scripts_new/partf_scripts/Sep9Matrices/D-C19_and_C2C5_corrected.tsv,0.0001,0.075,blue,50000,7-17211606-T-A,0.9998602464354177
/home/bridgersjd/trisicell/scripts_new/partf_scripts/Sep9Matrices/D-C19_and_C2C5_corrected.tsv,0.0001,0.075,blue,10000,7-41763054-A-T,0.999860246448777
/home/bridgersjd/trisicell/scripts_new/partf_scripts/Sep9Matrices/D-C19_and_C2C5_corrected.tsv,0.0001,0.075,blue,10000,8-22919218-A-G,0.999860246448777
/home/bridgersjd/trisicell/scripts_new/partf_scripts/Sep9Matrices/D-C19_and_C2C5_corrected.tsv,0.0001,0.075,blue,10000,9-38815553-T-C,0.999860246448777
/home/bridgersjd/trisicell/scripts_new/partf_scripts/Sep9Matrices/D-C19_and_C2C5_corrected.tsv,0.0001,0.075,blue,10000,9-72742662-T-C,0.999860246448777
/home/bridgersjd/trisicell/scripts_new/partf_scripts/Sep9Matrices/D-C19_and_C2C5_corrected.tsv,0.0001,0.075,blue,50000,9-72742662-T-C,0.9998602464354177
/home/bridgersjd/trisicell/scripts_new/partf_scripts/Sep9Matrices/D-C19_and_C2C5_corrected.tsv,0.0001,0.075,green,10000,1-153465039-T-C,5.208267219132858e-13
/home/bridgersjd/trisicell/scripts_new/partf_scripts/Sep9Matrices/D-C19_and_C2C5_corrected.tsv,0.0001,0.075,green,10000,12-104361733-A-T,5.20826721913286e-13
/home/bridgersjd/trisicell/scripts_new/partf_scripts/Sep9Matrices/D-C19_and_C2C5_corrected.tsv,0.0001,0.075,green,10000,2-177389638-A-T,5.20826721913286e-13
/home/bridgersjd/trisicell/scripts_new/partf_scripts/Sep9Matrices/D-C19_and_C2C5_corrected.tsv,0.0001,0.075,green,10000,4-141085707-T-G,5.20826721913286e-13
/home/bridgersjd/trisicell/scripts_new/partf_scripts/Sep9Matrices/D-C19_and_C2C5_corrected.tsv,0.0001,0.075,green,10000,4-57225727-T-C,5.20826721913286e-13
/home/bridgersjd/trisicell/scripts_new/partf_scripts/Sep9Matrices/D-C19_and_C2C5_corrected.tsv,0.0001,0.075,green,10000,5-144280715-A-G,5.200771439839447e-13
/home/bridgersjd/trisicell/scripts_new/partf_scripts/Sep9Matrices/D-C19_and_C2C5_corrected.tsv,0.0001,0.075,green,10000,5-72227782-C-A,5.20826721913286e-13
/home/bridgersjd/trisicell/scripts_new/partf_scripts/Sep9Matrices/D-C19_and_C2C5_corrected.tsv,0.0001,0.075,green,10000,6-65862824-G-A,5.208267219045125e-13
/home/bridgersjd/trisicell/scripts_new/partf_scripts/Sep9Matrices/D-C19_and_C2C5_corrected.tsv,0.0001,0.075,green,10000,7-9028009-A-G,5.20826721913286e-13
/home/bridgersjd/trisicell/scripts_new/partf_scripts/Sep9Matrices/D-C19_and_C2C5_corrected.tsv,0.0001,0.075,green,10000,7-9090561-A-C,5.20826721913286e-13
/home/bridgersjd/trisicell/scripts_new/partf_scripts/Sep9Matrices/D-C19_and_C2C5_corrected.tsv,0.0001,0.075,orange,10000,10-112455793-G-C,0.930130444390776
/home/bridgersjd/trisicell/scripts_new/partf_scripts/Sep9Matrices/D-C19_and_C2C5_corrected.tsv,0.0001,0.075,orange,10000,10-121414414-C-A,0.930130444390776
/home/bridgersjd/trisicell/scripts_new/partf_scripts/Sep9Matrices/D-C19_and_C2C5_corrected.tsv,0.0001,0.075,orange,10000,10-126323252-T-C,0.930130444390776
/home/bridgersjd/trisicell/scripts_new/partf_scripts/Sep9Matrices/D-C19_and_C2C5_corrected.tsv,0.0001,0.075,orange,10000,10-128320352-G-C,0.930130444390776
/home/bridgersjd/trisicell/scripts_new/partf_scripts/Sep9Matrices/D-C19_and_C2C5_corrected.tsv,0.0001,0.075,orange,10000,10-88548806-C-G,0.930130444390776
/home/bridgersjd/trisicell/scripts_new/partf_scripts/Sep9Matrices/D-C19_and_C2C5_corrected.tsv,0.0001,0.075,orange,10000,10-94788637-T-C,0.930130444390776
/home/bridgersjd/trisicell/scripts_new/partf_scripts/Sep9Matrices/D-C19_and_C2C5_corrected.tsv,0.0001,0.075,orange,10000,11-100889404-T-C,0.930130444390776
/home/bridgersjd/trisicell/scripts_new/partf_scripts/Sep9Matrices/D-C19_and_C2C5_corrected.tsv,0.0001,0.075,orange,50000,11-100889404-T-C,0.9301304467788265
/home/bridgersjd/trisicell/scripts_new/partf_scripts/Sep9Matrices/D-C19_and_C2C5_corrected.tsv,0.0001,0.075,orange,10000,11-101331443-G-C,0.930130444390776
/home/bridgersjd/trisicell/scripts_new/partf_scripts/Sep9Matrices/D-C19_and_C2C5_corrected.tsv,0.0001,0.075,orange,10000,11-105336169-G-C,0.930130444390776
/home/bridgersjd/trisicell/scripts_new/partf_scripts/Sep9Matrices/D-C19_and_C2C5_corrected.tsv,0.0001,0.075,orange,50000,11-105336169-G-C,0.9301304467788265
/home/bridgersjd/trisicell/scripts_new/partf_scripts/Sep9Matrices/D-C19_and_C2C5_corrected.tsv,0.0001,0.075,orange,10000,11-115523896-A-G,0.930130444390776
/home/bridgersjd/trisicell/scripts_new/partf_scripts/Sep9Matrices/D-C19_and_C2C5_corrected.tsv,0.0001,0.075,orange,50000,11-115523896-A-G,0.9301304467788265
/home/bridgersjd/trisicell/scripts_new/partf_scripts/Sep9Matrices/D-C19_and_C2C5_corrected.tsv,0.0001,0.075,orange,10000,11-115609093-C-A,0.930130444390776
/home/bridgersjd/trisicell/scripts_new/partf_scripts/Sep9Matrices/D-C19_and_C2C5_corrected.tsv,0.0001,0.075,orange,50000,11-115609093-C-A,0.9301304467788265
/home/bridgersjd/trisicell/scripts_new/partf_scripts/Sep9Matrices/D-C19_and_C2C5_corrected.tsv,0.0001,0.075,orange,10000,11-117760801-C-T,0.930130444390776
/home/bridgersjd/trisicell/scripts_new/partf_scripts/Sep9Matrices/D-C19_and_C2C5_corrected.tsv,0.0001,0.075,orange,50000,11-117760801-C-T,0.9301304467788265
/home/bridgersjd/trisicell/scripts_new/partf_scripts/Sep9Matrices/D-C19_and_C2C5_corrected.tsv,0.0001,0.075,orange,10000,11-120720746-T-G,0.930130444390776
/home/bridgersjd/trisicell/scripts_new/partf_scripts/Sep9Matrices/D-C19_and_C2C5_corrected.tsv,0.0001,0.075,orange,50000,11-120720746-T-G,0.9301304467788265
/home/bridgersjd/trisicell/scripts_new/partf_scripts/Sep9Matrices/D-C19_and_C2C5_corrected.tsv,0.0001,0.075,orange,10000,11-48997194-T-C,0.930130444390776
/home/bridgersjd/trisicell/scripts_new/partf_scripts/Sep9Matrices/D-C19_and_C2C5_corrected.tsv,0.0001,0.075,orange,10000,1-157601212-C-G,0.930130444390776
/home/bridgersjd/trisicell/scripts_new/partf_scripts/Sep9Matrices/D-C19_and_C2C5_corrected.tsv,0.0001,0.075,orange,10000,1-171515405-T-C,0.930130444390776
/home/bridgersjd/trisicell/scripts_new/partf_scripts/Sep9Matrices/D-C19_and_C2C5_corrected.tsv,0.0001,0.075,orange,10000,1-177043950-T-G,0.930130444390776
/home/bridgersjd/trisicell/scripts_new/partf_scripts/Sep9Matrices/D-C19_and_C2C5_corrected.tsv,0.0001,0.075,orange,10000,12-115495636-A-G,0.930130444390776
/home/bridgersjd/trisicell/scripts_new/partf_scripts/Sep9Matrices/D-C19_and_C2C5_corrected.tsv,0.0001,0.075,orange,10000,1-21229667-T-A,0.930130444390776
/home/bridgersjd/trisicell/scripts_new/partf_scripts/Sep9Matrices/D-C19_and_C2C5_corrected.tsv,0.0001,0.075,orange,10000,12-20008301-A-C,0.930130444390776
/home/bridgersjd/trisicell/scripts_new/partf_scripts/Sep9Matrices/D-C19_and_C2C5_corrected.tsv,0.0001,0.075,orange,10000,12-23009993-C-T,0.930130444390776
/home/bridgersjd/trisicell/scripts_new/partf_scripts/Sep9Matrices/D-C19_and_C2C5_corrected.tsv,0.0001,0.075,orange,10000,1-25111741-G-A,0.930130444390776
/home/bridgersjd/trisicell/scripts_new/partf_scripts/Sep9Matrices/D-C19_and_C2C5_corrected.tsv,0.0001,0.075,orange,10000,12-70346605-G-T,0.930130444390776
/home/bridgersjd/trisicell/scripts_new/partf_scripts/Sep9Matrices/D-C19_and_C2C5_corrected.tsv,0.0001,0.075,orange,10000,12-79239875-G-A,0.930130444390776
/home/bridgersjd/trisicell/scripts_new/partf_scripts/Sep9Matrices/D-C19_and_C2C5_corrected.tsv,0.0001,0.075,orange,10000,12-94914728-A-G,0.930130444390776
/home/bridgersjd/trisicell/scripts_new/partf_scripts/Sep9Matrices/D-C19_and_C2C5_corrected.tsv,0.0001,0.075,orange,10000,13-103753116-T-G,0.930130444390776
/home/bridgersjd/trisicell/scripts_new/partf_scripts/Sep9Matrices/D-C19_and_C2C5_corrected.tsv,0.0001,0.075,orange,10000,13-23543276-T-C,0.930130444390776
/home/bridgersjd/trisicell/scripts_new/partf_scripts/Sep9Matrices/D-C19_and_C2C5_corrected.tsv,0.0001,0.075,orange,10000,13-23545091-A-C,0.930130444390776
/home/bridgersjd/trisicell/scripts_new/partf_scripts/Sep9Matrices/D-C19_and_C2C5_corrected.tsv,0.0001,0.075,orange,10000,13-33252852-T-A,0.930130444390776
/home/bridgersjd/trisicell/scripts_new/partf_scripts/Sep9Matrices/D-C19_and_C2C5_corrected.tsv,0.0001,0.075,orange,10000,13-49521194-A-G,0.930130444390776
/home/bridgersjd/trisicell/scripts_new/partf_scripts/Sep9Matrices/D-C19_and_C2C5_corrected.tsv,0.0001,0.075,orange,50000,13-49521194-A-G,0.9301304467788265
/home/bridgersjd/trisicell/scripts_new/partf_scripts/Sep9Matrices/D-C19_and_C2C5_corrected.tsv,0.0001,0.075,orange,10000,13-50646708-A-G,0.930130444390776
/home/bridgersjd/trisicell/scripts_new/partf_scripts/Sep9Matrices/D-C19_and_C2C5_corrected.tsv,0.0001,0.075,orange,10000,13-59623080-A-G,0.930130444390776
/home/bridgersjd/trisicell/scripts_new/partf_scripts/Sep9Matrices/D-C19_and_C2C5_corrected.tsv,0.0001,0.075,orange,10000,13-62675452-A-G,0.930130444390776
/home/bridgersjd/trisicell/scripts_new/partf_scripts/Sep9Matrices/D-C19_and_C2C5_corrected.tsv,0.0001,0.075,orange,10000,13-90937216-G-C,0.930130444390776
/home/bridgersjd/trisicell/scripts_new/partf_scripts/Sep9Matrices/D-C19_and_C2C5_corrected.tsv,0.0001,0.075,orange,10000,14-62365203-C-A,0.930130444390776
/home/bridgersjd/trisicell/scripts_new/partf_scripts/Sep9Matrices/D-C19_and_C2C5_corrected.tsv,0.0001,0.075,orange,10000,14-7296067-A-G,0.930130444390776
/home/bridgersjd/trisicell/scripts_new/partf_scripts/Sep9Matrices/D-C19_and_C2C5_corrected.tsv,0.0001,0.075,orange,10000,15-101930750-A-C,0.930130444390776
/home/bridgersjd/trisicell/scripts_new/partf_scripts/Sep9Matrices/D-C19_and_C2C5_corrected.tsv,0.0001,0.075,orange,10000,15-102484040-T-A,0.930130444390776
/home/bridgersjd/trisicell/scripts_new/partf_scripts/Sep9Matrices/D-C19_and_C2C5_corrected.tsv,0.0001,0.075,orange,10000,1-54987484-G-A,0.930130444390776
/home/bridgersjd/trisicell/scripts_new/partf_scripts/Sep9Matrices/D-C19_and_C2C5_corrected.tsv,0.0001,0.075,orange,10000,15-64094606-A-G,0.930130444390776
/home/bridgersjd/trisicell/scripts_new/partf_scripts/Sep9Matrices/D-C19_and_C2C5_corrected.tsv,0.0001,0.075,orange,10000,15-66792161-T-C,0.930130444390776
/home/bridgersjd/trisicell/scripts_new/partf_scripts/Sep9Matrices/D-C19_and_C2C5_corrected.tsv,0.0001,0.075,orange,10000,15-75982084-T-C,0.930130444390776
/home/bridgersjd/trisicell/scripts_new/partf_scripts/Sep9Matrices/D-C19_and_C2C5_corrected.tsv,0.0001,0.075,orange,10000,15-79906897-T-G,0.930130444390776
/home/bridgersjd/trisicell/scripts_new/partf_scripts/Sep9Matrices/D-C19_and_C2C5_corrected.tsv,0.0001,0.075,orange,10000,15-81981109-T-G,0.930130444390776
/home/bridgersjd/trisicell/scripts_new/partf_scripts/Sep9Matrices/D-C19_and_C2C5_corrected.tsv,0.0001,0.075,orange,10000,15-90993774-C-A,0.930130444390776
/home/bridgersjd/trisicell/scripts_new/partf_scripts/Sep9Matrices/D-C19_and_C2C5_corrected.tsv,0.0001,0.075,orange,10000,15-94558182-T-C,0.930130444390776
/home/bridgersjd/trisicell/scripts_new/partf_scripts/Sep9Matrices/D-C19_and_C2C5_corrected.tsv,0.0001,0.075,orange,10000,15-96358955-T-C,0.930130444390776
/home/bridgersjd/trisicell/scripts_new/partf_scripts/Sep9Matrices/D-C19_and_C2C5_corrected.tsv,0.0001,0.075,orange,10000,16-15556718-T-C,0.930130444390776
/home/bridgersjd/trisicell/scripts_new/partf_scripts/Sep9Matrices/D-C19_and_C2C5_corrected.tsv,0.0001,0.075,orange,10000,16-5049899-G-C,0.930130444390776
/home/bridgersjd/trisicell/scripts_new/partf_scripts/Sep9Matrices/D-C19_and_C2C5_corrected.tsv,0.0001,0.075,orange,10000,16-57133075-A-T,0.930130444390776
/home/bridgersjd/trisicell/scripts_new/partf_scripts/Sep9Matrices/D-C19_and_C2C5_corrected.tsv,0.0001,0.075,orange,50000,16-57133075-A-T,0.9301304467788265
/home/bridgersjd/trisicell/scripts_new/partf_scripts/Sep9Matrices/D-C19_and_C2C5_corrected.tsv,0.0001,0.075,orange,10000,16-59682772-T-A,0.930130444390776
/home/bridgersjd/trisicell/scripts_new/partf_scripts/Sep9Matrices/D-C19_and_C2C5_corrected.tsv,0.0001,0.075,orange,10000,16-93683427-C-T,0.930130444390776
/home/bridgersjd/trisicell/scripts_new/partf_scripts/Sep9Matrices/D-C19_and_C2C5_corrected.tsv,0.0001,0.075,orange,10000,17-20814579-T-A,0.930130444390776
/home/bridgersjd/trisicell/scripts_new/partf_scripts/Sep9Matrices/D-C19_and_C2C5_corrected.tsv,0.0001,0.075,orange,10000,17-25018809-C-G,0.930130444390776
/home/bridgersjd/trisicell/scripts_new/partf_scripts/Sep9Matrices/D-C19_and_C2C5_corrected.tsv,0.0001,0.075,orange,10000,1-74287097-T-G,0.930130444390776
/home/bridgersjd/trisicell/scripts_new/partf_scripts/Sep9Matrices/D-C19_and_C2C5_corrected.tsv,0.0001,0.075,orange,10000,17-43451148-A-G,0.930130444390776
/home/bridgersjd/trisicell/scripts_new/partf_scripts/Sep9Matrices/D-C19_and_C2C5_corrected.tsv,0.0001,0.075,orange,10000,17-56189907-A-T,0.930130444390776
/home/bridgersjd/trisicell/scripts_new/partf_scripts/Sep9Matrices/D-C19_and_C2C5_corrected.tsv,0.0001,0.075,orange,10000,17-65811257-T-C,0.930130444390776
/home/bridgersjd/trisicell/scripts_new/partf_scripts/Sep9Matrices/D-C19_and_C2C5_corrected.tsv,0.0001,0.075,orange,10000,18-21332457-T-C,0.930130444390776
/home/bridgersjd/trisicell/scripts_new/partf_scripts/Sep9Matrices/D-C19_and_C2C5_corrected.tsv,0.0001,0.075,orange,10000,19-45560547-A-T,0.9276430610084901
/home/bridgersjd/trisicell/scripts_new/partf_scripts/Sep9Matrices/D-C19_and_C2C5_corrected.tsv,0.0001,0.075,orange,10000,19-5723006-G-T,0.930130444390776
/home/bridgersjd/trisicell/scripts_new/partf_scripts/Sep9Matrices/D-C19_and_C2C5_corrected.tsv,0.0001,0.075,orange,10000,2-122111902-A-C,0.930130444390776
/home/bridgersjd/trisicell/scripts_new/partf_scripts/Sep9Matrices/D-C19_and_C2C5_corrected.tsv,0.0001,0.075,orange,10000,2-152869614-A-G,0.930130444390776
/home/bridgersjd/trisicell/scripts_new/partf_scripts/Sep9Matrices/D-C19_and_C2C5_corrected.tsv,0.0001,0.075,orange,10000,2-30345202-T-A,0.930130444390776
/home/bridgersjd/trisicell/scripts_new/partf_scripts/Sep9Matrices/D-C19_and_C2C5_corrected.tsv,0.0001,0.075,orange,10000,2-74713952-C-T,0.930130444390776
/home/bridgersjd/trisicell/scripts_new/partf_scripts/Sep9Matrices/D-C19_and_C2C5_corrected.tsv,0.0001,0.075,orange,10000,3-127634032-A-G,0.930130444390776
/home/bridgersjd/trisicell/scripts_new/partf_scripts/Sep9Matrices/D-C19_and_C2C5_corrected.tsv,0.0001,0.075,orange,10000,3-14606238-A-C,0.930130444390776
/home/bridgersjd/trisicell/scripts_new/partf_scripts/Sep9Matrices/D-C19_and_C2C5_corrected.tsv,0.0001,0.075,orange,10000,3-33800433-G-C,0.930130444390776
/home/bridgersjd/trisicell/scripts_new/partf_scripts/Sep9Matrices/D-C19_and_C2C5_corrected.tsv,0.0001,0.075,orange,10000,3-72903769-A-G,0.930130444390776
/home/bridgersjd/trisicell/scripts_new/partf_scripts/Sep9Matrices/D-C19_and_C2C5_corrected.tsv,0.0001,0.075,orange,10000,3-88158253-C-G,0.930130444390776
/home/bridgersjd/trisicell/scripts_new/partf_scripts/Sep9Matrices/D-C19_and_C2C5_corrected.tsv,0.0001,0.075,orange,10000,3-88503109-G-C,0.930130444390776
/home/bridgersjd/trisicell/scripts_new/partf_scripts/Sep9Matrices/D-C19_and_C2C5_corrected.tsv,0.0001,0.075,orange,10000,3-90455834-T-C,0.930130444390776
/home/bridgersjd/trisicell/scripts_new/partf_scripts/Sep9Matrices/D-C19_and_C2C5_corrected.tsv,0.0001,0.075,orange,10000,3-94936609-T-C,0.930130444390776
/home/bridgersjd/trisicell/scripts_new/partf_scripts/Sep9Matrices/D-C19_and_C2C5_corrected.tsv,0.0001,0.075,orange,10000,3-96581716-C-T,0.930130444390776
/home/bridgersjd/trisicell/scripts_new/partf_scripts/Sep9Matrices/D-C19_and_C2C5_corrected.tsv,0.0001,0.075,orange,10000,4-104780668-C-A,0.930130444390776
/home/bridgersjd/trisicell/scripts_new/partf_scripts/Sep9Matrices/D-C19_and_C2C5_corrected.tsv,0.0001,0.075,orange,10000,4-11061111-A-C,0.930130444390776
/home/bridgersjd/trisicell/scripts_new/partf_scripts/Sep9Matrices/D-C19_and_C2C5_corrected.tsv,0.0001,0.075,orange,10000,4-113184743-A-C,0.930130444390776
/home/bridgersjd/trisicell/scripts_new/partf_scripts/Sep9Matrices/D-C19_and_C2C5_corrected.tsv,0.0001,0.075,orange,10000,4-155902679-C-G,0.930130444390776
/home/bridgersjd/trisicell/scripts_new/partf_scripts/Sep9Matrices/D-C19_and_C2C5_corrected.tsv,0.0001,0.075,orange,10000,4-32713283-T-A,0.930130444390776
/home/bridgersjd/trisicell/scripts_new/partf_scripts/Sep9Matrices/D-C19_and_C2C5_corrected.tsv,0.0001,0.075,orange,10000,5-107478416-A-C,0.930130444390776
/home/bridgersjd/trisicell/scripts_new/partf_scripts/Sep9Matrices/D-C19_and_C2C5_corrected.tsv,0.0001,0.075,orange,10000,5-113092540-T-G,0.930130444390776
/home/bridgersjd/trisicell/scripts_new/partf_scripts/Sep9Matrices/D-C19_and_C2C5_corrected.tsv,0.0001,0.075,orange,10000,5-125623070-T-G,0.930130444390776
/home/bridgersjd/trisicell/scripts_new/partf_scripts/Sep9Matrices/D-C19_and_C2C5_corrected.tsv,0.0001,0.075,orange,10000,5-134194925-A-G,0.930130444390776
/home/bridgersjd/trisicell/scripts_new/partf_scripts/Sep9Matrices/D-C19_and_C2C5_corrected.tsv,0.0001,0.075,orange,10000,5-138150881-G-A,0.930130444390776
/home/bridgersjd/trisicell/scripts_new/partf_scripts/Sep9Matrices/D-C19_and_C2C5_corrected.tsv,0.0001,0.075,orange,10000,5-139718172-T-C,0.930130444390776
/home/bridgersjd/trisicell/scripts_new/partf_scripts/Sep9Matrices/D-C19_and_C2C5_corrected.tsv,0.0001,0.075,orange,10000,5-16315040-C-A,0.930130444390776
/home/bridgersjd/trisicell/scripts_new/partf_scripts/Sep9Matrices/D-C19_and_C2C5_corrected.tsv,0.0001,0.075,orange,10000,5-25848448-G-C,0.930130444390776
/home/bridgersjd/trisicell/scripts_new/partf_scripts/Sep9Matrices/D-C19_and_C2C5_corrected.tsv,0.0001,0.075,orange,10000,5-30068338-T-C,0.930130444390776
/home/bridgersjd/trisicell/scripts_new/partf_scripts/Sep9Matrices/D-C19_and_C2C5_corrected.tsv,0.0001,0.075,orange,10000,5-3047629-T-A,0.930130444390776
/home/bridgersjd/trisicell/scripts_new/partf_scripts/Sep9Matrices/D-C19_and_C2C5_corrected.tsv,0.0001,0.075,orange,10000,5-55956380-T-C,0.930130444390776
/home/bridgersjd/trisicell/scripts_new/partf_scripts/Sep9Matrices/D-C19_and_C2C5_corrected.tsv,0.0001,0.075,orange,10000,5-67611014-T-C,0.930130444390776
/home/bridgersjd/trisicell/scripts_new/partf_scripts/Sep9Matrices/D-C19_and_C2C5_corrected.tsv,0.0001,0.075,orange,10000,5-91140830-A-G,0.930130444390776
/home/bridgersjd/trisicell/scripts_new/partf_scripts/Sep9Matrices/D-C19_and_C2C5_corrected.tsv,0.0001,0.075,orange,10000,5-96231580-T-C,0.930130444390776
/home/bridgersjd/trisicell/scripts_new/partf_scripts/Sep9Matrices/D-C19_and_C2C5_corrected.tsv,0.0001,0.075,orange,10000,6-101151245-T-C,0.930130444390776
/home/bridgersjd/trisicell/scripts_new/partf_scripts/Sep9Matrices/D-C19_and_C2C5_corrected.tsv,0.0001,0.075,orange,10000,6-123050516-A-T,0.930130444390776
/home/bridgersjd/trisicell/scripts_new/partf_scripts/Sep9Matrices/D-C19_and_C2C5_corrected.tsv,0.0001,0.075,orange,10000,6-12555517-G-T,0.930130444390776
/home/bridgersjd/trisicell/scripts_new/partf_scripts/Sep9Matrices/D-C19_and_C2C5_corrected.tsv,0.0001,0.075,orange,10000,6-132737111-A-T,0.930130444390776
/home/bridgersjd/trisicell/scripts_new/partf_scripts/Sep9Matrices/D-C19_and_C2C5_corrected.tsv,0.0001,0.075,orange,10000,6-48765049-T-C,0.930130444390776
/home/bridgersjd/trisicell/scripts_new/partf_scripts/Sep9Matrices/D-C19_and_C2C5_corrected.tsv,0.0001,0.075,orange,10000,6-70331272-A-G,0.930130444390776
/home/bridgersjd/trisicell/scripts_new/partf_scripts/Sep9Matrices/D-C19_and_C2C5_corrected.tsv,0.0001,0.075,orange,10000,6-87845723-G-C,0.930130444390776
/home/bridgersjd/trisicell/scripts_new/partf_scripts/Sep9Matrices/D-C19_and_C2C5_corrected.tsv,0.0001,0.075,orange,10000,6-88126513-T-G,0.930130444390776
/home/bridgersjd/trisicell/scripts_new/partf_scripts/Sep9Matrices/D-C19_and_C2C5_corrected.tsv,0.0001,0.075,orange,10000,7-10199922-T-C,0.930130444390776
/home/bridgersjd/trisicell/scripts_new/partf_scripts/Sep9Matrices/D-C19_and_C2C5_corrected.tsv,0.0001,0.075,orange,10000,7-106600414-C-A,0.930130444390776
/home/bridgersjd/trisicell/scripts_new/partf_scripts/Sep9Matrices/D-C19_and_C2C5_corrected.tsv,0.0001,0.075,orange,50000,7-106600414-C-A,0.9301304467788265
/home/bridgersjd/trisicell/scripts_new/partf_scripts/Sep9Matrices/D-C19_and_C2C5_corrected.tsv,0.0001,0.075,orange,10000,7-108256194-T-A,0.930130444390776
/home/bridgersjd/trisicell/scripts_new/partf_scripts/Sep9Matrices/D-C19_and_C2C5_corrected.tsv,0.0001,0.075,orange,50000,7-108256194-T-A,0.9301304467788265
/home/bridgersjd/trisicell/scripts_new/partf_scripts/Sep9Matrices/D-C19_and_C2C5_corrected.tsv,0.0001,0.075,orange,10000,7-123181613-G-T,0.930130444390776
/home/bridgersjd/trisicell/scripts_new/partf_scripts/Sep9Matrices/D-C19_and_C2C5_corrected.tsv,0.0001,0.075,orange,50000,7-123181613-G-T,0.9301304467788265
/home/bridgersjd/trisicell/scripts_new/partf_scripts/Sep9Matrices/D-C19_and_C2C5_corrected.tsv,0.0001,0.075,orange,10000,7-141392364-C-A,0.930130444390776
/home/bridgersjd/trisicell/scripts_new/partf_scripts/Sep9Matrices/D-C19_and_C2C5_corrected.tsv,0.0001,0.075,orange,50000,7-141392364-C-A,0.9301304467788265
/home/bridgersjd/trisicell/scripts_new/partf_scripts/Sep9Matrices/D-C19_and_C2C5_corrected.tsv,0.0001,0.075,orange,10000,7-14768396-T-A,0.930130444390776
/home/bridgersjd/trisicell/scripts_new/partf_scripts/Sep9Matrices/D-C19_and_C2C5_corrected.tsv,0.0001,0.075,orange,10000,7-28042135-A-C,0.930130444390776
/home/bridgersjd/trisicell/scripts_new/partf_scripts/Sep9Matrices/D-C19_and_C2C5_corrected.tsv,0.0001,0.075,orange,10000,7-31546178-T-C,0.930130444390776
/home/bridgersjd/trisicell/scripts_new/partf_scripts/Sep9Matrices/D-C19_and_C2C5_corrected.tsv,0.0001,0.075,orange,10000,7-44830218-A-C,0.930130444390776
/home/bridgersjd/trisicell/scripts_new/partf_scripts/Sep9Matrices/D-C19_and_C2C5_corrected.tsv,0.0001,0.075,orange,10000,7-44830344-A-G,0.930130444390776
/home/bridgersjd/trisicell/scripts_new/partf_scripts/Sep9Matrices/D-C19_and_C2C5_corrected.tsv,0.0001,0.075,orange,10000,7-88572376-T-G,0.930130444390776
/home/bridgersjd/trisicell/scripts_new/partf_scripts/Sep9Matrices/D-C19_and_C2C5_corrected.tsv,0.0001,0.075,orange,10000,7-93178968-T-G,0.930130444390776
/home/bridgersjd/trisicell/scripts_new/partf_scripts/Sep9Matrices/D-C19_and_C2C5_corrected.tsv,0.0001,0.075,orange,10000,8-124604241-C-A,0.930130444390776
/home/bridgersjd/trisicell/scripts_new/partf_scripts/Sep9Matrices/D-C19_and_C2C5_corrected.tsv,0.0001,0.075,orange,10000,8-13090886-T-G,0.930130444390776
/home/bridgersjd/trisicell/scripts_new/partf_scripts/Sep9Matrices/D-C19_and_C2C5_corrected.tsv,0.0001,0.075,orange,10000,8-13386624-T-G,0.930130444390776
/home/bridgersjd/trisicell/scripts_new/partf_scripts/Sep9Matrices/D-C19_and_C2C5_corrected.tsv,0.0001,0.075,orange,50000,8-13386624-T-G,0.9301304467788265
/home/bridgersjd/trisicell/scripts_new/partf_scripts/Sep9Matrices/D-C19_and_C2C5_corrected.tsv,0.0001,0.075,orange,10000,8-20869794-G-T,0.930130444390776
/home/bridgersjd/trisicell/scripts_new/partf_scripts/Sep9Matrices/D-C19_and_C2C5_corrected.tsv,0.0001,0.075,orange,50000,8-20869794-G-T,0.9301304467788265
/home/bridgersjd/trisicell/scripts_new/partf_scripts/Sep9Matrices/D-C19_and_C2C5_corrected.tsv,0.0001,0.075,orange,10000,8-67502349-A-T,0.930130444390776
/home/bridgersjd/trisicell/scripts_new/partf_scripts/Sep9Matrices/D-C19_and_C2C5_corrected.tsv,0.0001,0.075,orange,50000,8-67502349-A-T,0.9301304467788265
/home/bridgersjd/trisicell/scripts_new/partf_scripts/Sep9Matrices/D-C19_and_C2C5_corrected.tsv,0.0001,0.075,orange,10000,8-71692914-C-T,0.930130444390776
/home/bridgersjd/trisicell/scripts_new/partf_scripts/Sep9Matrices/D-C19_and_C2C5_corrected.tsv,0.0001,0.075,orange,50000,8-71692914-C-T,0.9301304467788265
/home/bridgersjd/trisicell/scripts_new/partf_scripts/Sep9Matrices/D-C19_and_C2C5_corrected.tsv,0.0001,0.075,orange,10000,8-77420033-A-G,0.930130444390776
/home/bridgersjd/trisicell/scripts_new/partf_scripts/Sep9Matrices/D-C19_and_C2C5_corrected.tsv,0.0001,0.075,orange,50000,8-77420033-A-G,0.9301304467788265
/home/bridgersjd/trisicell/scripts_new/partf_scripts/Sep9Matrices/D-C19_and_C2C5_corrected.tsv,0.0001,0.075,orange,10000,8-80612115-C-T,0.930130444390776
/home/bridgersjd/trisicell/scripts_new/partf_scripts/Sep9Matrices/D-C19_and_C2C5_corrected.tsv,0.0001,0.075,orange,50000,8-80612115-C-T,0.9301304467788265
/home/bridgersjd/trisicell/scripts_new/partf_scripts/Sep9Matrices/D-C19_and_C2C5_corrected.tsv,0.0001,0.075,orange,10000,8-87904651-A-C,0.930130444390776
/home/bridgersjd/trisicell/scripts_new/partf_scripts/Sep9Matrices/D-C19_and_C2C5_corrected.tsv,0.0001,0.075,orange,50000,8-87904651-A-C,0.9301304467788265
/home/bridgersjd/trisicell/scripts_new/partf_scripts/Sep9Matrices/D-C19_and_C2C5_corrected.tsv,0.0001,0.075,orange,10000,8-88314232-C-G,0.930130444390776
/home/bridgersjd/trisicell/scripts_new/partf_scripts/Sep9Matrices/D-C19_and_C2C5_corrected.tsv,0.0001,0.075,orange,50000,8-88314232-C-G,0.9301304467788265
/home/bridgersjd/trisicell/scripts_new/partf_scripts/Sep9Matrices/D-C19_and_C2C5_corrected.tsv,0.0001,0.075,orange,10000,9-35034760-A-T,0.930130444390776
/home/bridgersjd/trisicell/scripts_new/partf_scripts/Sep9Matrices/D-C19_and_C2C5_corrected.tsv,0.0001,0.075,orange,10000,9-65054724-A-T,0.930130444390776
/home/bridgersjd/trisicell/scripts_new/partf_scripts/Sep9Matrices/D-C19_and_C2C5_corrected.tsv,0.0001,0.075,orange,10000,9-7159013-A-G,0.930130444390776
/home/bridgersjd/trisicell/scripts_new/partf_scripts/Sep9Matrices/D-C19_and_C2C5_corrected.tsv,0.0001,0.075,orange,10000,9-71650324-C-A,0.930130444390776
/home/bridgersjd/trisicell/scripts_new/partf_scripts/Sep9Matrices/D-C19_and_C2C5_corrected.tsv,0.0001,0.075,red,10000,10-128208907-C-G,0.9998919025744938
/home/bridgersjd/trisicell/scripts_new/partf_scripts/Sep9Matrices/D-C19_and_C2C5_corrected.tsv,0.0001,0.075,red,10000,11-110197009-A-T,0.9998919025744938
/home/bridgersjd/trisicell/scripts_new/partf_scripts/Sep9Matrices/D-C19_and_C2C5_corrected.tsv,0.0001,0.075,red,10000,1-150461958-T-A,0.9998919025744938
/home/bridgersjd/trisicell/scripts_new/partf_scripts/Sep9Matrices/D-C19_and_C2C5_corrected.tsv,0.0001,0.075,red,10000,11-58392727-T-G,0.9998919025744938
/home/bridgersjd/trisicell/scripts_new/partf_scripts/Sep9Matrices/D-C19_and_C2C5_corrected.tsv,0.0001,0.075,red,10000,11-71217264-C-G,0.9998919025744938
/home/bridgersjd/trisicell/scripts_new/partf_scripts/Sep9Matrices/D-C19_and_C2C5_corrected.tsv,0.0001,0.075,red,10000,12-16948305-T-G,0.9998919025744938
/home/bridgersjd/trisicell/scripts_new/partf_scripts/Sep9Matrices/D-C19_and_C2C5_corrected.tsv,0.0001,0.075,red,10000,12-31304842-A-T,0.9998919025744938
/home/bridgersjd/trisicell/scripts_new/partf_scripts/Sep9Matrices/D-C19_and_C2C5_corrected.tsv,0.0001,0.075,red,10000,12-84678742-T-A,0.9998919025744938
/home/bridgersjd/trisicell/scripts_new/partf_scripts/Sep9Matrices/D-C19_and_C2C5_corrected.tsv,0.0001,0.075,red,10000,13-100781050-C-T,0.9998919025744938
/home/bridgersjd/trisicell/scripts_new/partf_scripts/Sep9Matrices/D-C19_and_C2C5_corrected.tsv,0.0001,0.075,red,10000,15-25682204-T-C,0.9998919025744938
/home/bridgersjd/trisicell/scripts_new/partf_scripts/Sep9Matrices/D-C19_and_C2C5_corrected.tsv,0.0001,0.075,red,10000,15-5208249-A-T,0.9998919025744938
/home/bridgersjd/trisicell/scripts_new/partf_scripts/Sep9Matrices/D-C19_and_C2C5_corrected.tsv,0.0001,0.075,red,10000,16-81852613-G-C,0.9998919025744919
/home/bridgersjd/trisicell/scripts_new/partf_scripts/Sep9Matrices/D-C19_and_C2C5_corrected.tsv,0.0001,0.075,red,10000,18-38250364-A-G,0.9998919025744938
/home/bridgersjd/trisicell/scripts_new/partf_scripts/Sep9Matrices/D-C19_and_C2C5_corrected.tsv,0.0001,0.075,red,10000,18-64551838-A-T,0.9998919025744938
/home/bridgersjd/trisicell/scripts_new/partf_scripts/Sep9Matrices/D-C19_and_C2C5_corrected.tsv,0.0001,0.075,red,10000,18-76302129-C-T,0.9998919025744938
/home/bridgersjd/trisicell/scripts_new/partf_scripts/Sep9Matrices/D-C19_and_C2C5_corrected.tsv,0.0001,0.075,red,10000,2-70678017-A-G,0.9998919025744938
/home/bridgersjd/trisicell/scripts_new/partf_scripts/Sep9Matrices/D-C19_and_C2C5_corrected.tsv,0.0001,0.075,red,10000,2-88958383-G-A,0.9998919025744938
/home/bridgersjd/trisicell/scripts_new/partf_scripts/Sep9Matrices/D-C19_and_C2C5_corrected.tsv,0.0001,0.075,red,10000,3-127813137-G-A,0.9998919025744938
/home/bridgersjd/trisicell/scripts_new/partf_scripts/Sep9Matrices/D-C19_and_C2C5_corrected.tsv,0.0001,0.075,red,10000,3-58555745-C-A,0.9998919025744938
/home/bridgersjd/trisicell/scripts_new/partf_scripts/Sep9Matrices/D-C19_and_C2C5_corrected.tsv,0.0001,0.075,red,10000,5-122880997-C-T,0.9998919025744938
/home/bridgersjd/trisicell/scripts_new/partf_scripts/Sep9Matrices/D-C19_and_C2C5_corrected.tsv,0.0001,0.075,red,10000,5-76305388-A-G,0.9998919025744938
/home/bridgersjd/trisicell/scripts_new/partf_scripts/Sep9Matrices/D-C19_and_C2C5_corrected.tsv,0.0001,0.075,red,10000,6-117925602-A-T,0.9998919025744938
/home/bridgersjd/trisicell/scripts_new/partf_scripts/Sep9Matrices/D-C19_and_C2C5_corrected.tsv,0.0001,0.075,red,10000,6-121924361-T-C,0.9810408342962117
/home/bridgersjd/trisicell/scripts_new/partf_scripts/Sep9Matrices/D-C19_and_C2C5_corrected.tsv,0.0001,0.075,red,10000,6-66535580-A-C,0.9998919025744938
/home/bridgersjd/trisicell/scripts_new/partf_scripts/Sep9Matrices/D-C19_and_C2C5_corrected.tsv,0.0001,0.075,red,10000,7-16675732-G-A,0.9998919025744938
/home/bridgersjd/trisicell/scripts_new/partf_scripts/Sep9Matrices/D-C19_and_C2C5_corrected.tsv,0.0001,0.075,red,10000,7-86336156-A-G,0.9998919025744938
/home/bridgersjd/trisicell/scripts_new/partf_scripts/Sep9Matrices/D-C19_and_C2C5_corrected.tsv,0.0001,0.075,red,10000,8-104927328-G-T,0.9998919025744938
/home/bridgersjd/trisicell/scripts_new/partf_scripts/Sep9Matrices/D-C19_and_C2C5_corrected.tsv,0.0001,0.075,red,10000,8-124550286-G-C,0.9998919025744938
/home/bridgersjd/trisicell/scripts_new/partf_scripts/Sep9Matrices/D-C19_and_C2C5_corrected.tsv,0.0001,0.075,red,10000,8-3877073-A-C,0.9998919025744938
/home/bridgersjd/trisicell/scripts_new/partf_scripts/Sep9Matrices/D-C19_and_C2C5_corrected.tsv,0.0001,0.075,red,10000,9-109116701-G-T,0.9998919025744938
/home/bridgersjd/trisicell/scripts_new/partf_scripts/Sep9Matrices/D-C19_and_C2C5_corrected.tsv,0.0001,0.075,red,10000,9-70631213-A-G,0.9998919025744938
